﻿<renderingStyle name="default" depends="" defaultColor="#f1eae4" version="1">

	<!-- Simple rule definition :
		- "filter" is analogue of If(...) Else. So if one "filter" passes other neighbors will not be checked.
		- "group" is tag to combine many filters and define common inner filter for them as "groupFilter"
		- "group" can be only Top Level Elemenet!
		- "groupFilter" attach If statement to parent "filter" or "group" element
		- inner "filter" is kind of inner If(..) { If(...) Else ... } Else...
		- ! All top level filters should have "tag" and "value" attributes to proper indexing them
	-->

	<!-- Types : string, int, boolean; possibleValues comma separated possible values for int/string -->
	<renderingProperty attr="contourLines" name="Show contour lines" description="Select minimum zoom level to display in map if available. Separate SRTM-file may be needed."
		type="string" possibleValues="--,13,12,11"/>
	<renderingProperty attr="appMode" name="Rendering mode" description="Map optimization for respective User Profile"
		type="string" possibleValues="default,car,bicycle,pedestrian"/>
	<renderingProperty attr="noPolygons" name="Hide polygons" description="Make all areal land features on map transparent"
		type="boolean" possibleValues=""/>
	<renderingProperty attr="noAdminboundaries" name="Hide boundaries" description="Suppress display of admin levels 5-9"
		type="boolean" possibleValues=""/>
	<renderingProperty attr="showRoadMaps" name="Show road maps" description="Select how to show maps that have only road information."
		type="string" possibleValues="Always - never show regular maps,Where no regular map is available,Never"/>

	<renderingAttribute name="defaultColor">
		<filter noPolygons="true" attrColorValue="#00ffffff"/>
		<filter nightMode="true" attrColorValue="#003333"/>
		<filter attrColorValue="#f1eae4"/>
	</renderingAttribute>
	
	<renderingAttribute name="showRoadMapsAttribute">
		<filter showRoadMaps="Always - never show regular maps" attrIntValue="1"/>
		<filter showRoadMaps="Where no regular map is available" attrIntValue="0"/>
		<filter showRoadMaps="Never" attrIntValue="-1"/>
		<filter attrIntValue="0"/>
	</renderingAttribute>

	<!-- 0 - no shadow, 1 - one step, 2 - blur shadow, 3 - solid shadow -->	
	<renderingAttribute name="shadowRendering">
		<!-- next line corrects for shadowColor appearing very dark with solid shadow in day view, bridges would not stand out -->
		<filter minzoom="14" nightMode="false" attrIntValue="3" shadowColor="#969696"/>
		<filter minzoom="14" attrIntValue="3" shadowColor="#464646"/>
		<filter minzoom="9" maxzoom="13" attrIntValue="3" shadowColor="#969696"/>
		<filter attrIntValue="0"/>
	</renderingAttribute>

	<renderingAttribute name="routeColor">
		<!-- filter roadColors="Road atlas style" attrColorValue="#CCFF6600"/ -->
		<filter nightMode="false" attrColorValue="#960000FF"/>
		<filter attrColorValue="#CCFF6600"/>
	</renderingAttribute>

	<renderingAttribute name="gpxColor">
		<!-- filter roadColors="Road atlas style" attrColorValue="#B400FFFF"/ -->
		<filter nightMode="false" attrColorValue="#B4B319FF"/>
		<filter attrColorValue="#B400FFFF"/>
	</renderingAttribute>

	<!-- Minimum polygon size in pixels -->
	<renderingAttribute name="polygonMinSizeToDisplay">
		<filter attrIntValue="100"/>
	</renderingAttribute>
	
	<!-- 8 (=1 pixel tile) down to 0 (=large tile) -->
	<renderingAttribute name="roadDensityZoomTile">
		<filter attrIntValue="3"/>
	</renderingAttribute>
	
	<!-- Number of roads to display per tile -->
	<renderingAttribute name="roadsDensityLimitPerTile">
		<filter appMode="pedestrian" attrIntValue="24"/>
		<filter appMode="bicycle" attrIntValue="24"/>
		<filter test="$hmRendered" attrIntValue="100"/>
		<filter attrIntValue="12"/>
	</renderingAttribute>
	
	<!-- filter does not work for renderingConstant - the last one will be used, but better use separate depends Rendering style -->
	<!-- This section instead of UI setting for the "Show more map detail" property, so it can be called from depends rendering styles -->
	<renderingConstant name="hmRendered" value="false"/>
	
	
	<!-- roadColors="Modified Mapnik" -->
	<renderingConstant name="motorwayRoadColor" value="#809bff"/>
	<renderingConstant name="trunkRoadColor" value="#FF8095"/>
	<renderingConstant name="primaryRoadColor" value="#FFAA80"/>
	<renderingConstant name="secondaryRoadColor" value="#ffd080"/>
	<renderingConstant name="tertiaryRoadColor" value="#ffff80"/>
		<!-- transparent to see conjunctions -->
		<!-- <renderingConstant name="motorwayRoadColor" value="#55809bff"/>
		<renderingConstant name="trunkRoadColor" value="#55FF8095"/>
		<renderingConstant name="primaryRoadColor" value="#55FFAA80"/>
		<renderingConstant name="secondaryRoadColor" value="#55ffd080"/>
		<renderingConstant name="tertiaryRoadColor" value="#55ffff80"/> -->
	<!-- roadColors="Road atlas style" -->
		<!--
		<renderingConstant name="motorwayRoadColor" value="#809bff"/>
		<renderingConstant name="trunkRoadColor" value="#ed154b"/>
		<renderingConstant name="primaryRoadColor" value="#ff80a0"/>
		<renderingConstant name="secondaryRoadColor" value="#ffd080"/>
		<renderingConstant name="tertiaryRoadColor" value="#ffff80"/>
		-->
	<!-- roadColors="High contrast roads" -->
		<!--
		<renderingConstant name="motorwayRoadColor" value="#3838B0"/>
		<renderingConstant name="trunkRoadColor" value="#A01060"/>
		<renderingConstant name="primaryRoadColor" value="#C00828"/>
		<renderingConstant name="secondaryRoadColor" value="#FF8000"/>
		<renderingConstant name="tertiaryRoadColor" value="#F0C810"/>
		-->
	<!-- roadColors="Experimental" -->
		<!--
		<renderingConstant name="motorwayRoadColor" value="#6666CC"/>
		<renderingConstant name="trunkRoadColor" value="#A02067"/>
		<renderingConstant name="primaryRoadColor" value="#C04D61"/>
		<renderingConstant name="secondaryRoadColor" value="#F7D131"/>
		<renderingConstant name="tertiaryRoadColor" value="#F0CE30"/>
		-->


	<!--
		All-Purpose Renderer (with attr="hmRendered" name="Show more map detail") (by Hardy Mueller), v023:
		- some roads already rendered at lower zooms (travel/orienteering)
		- roadColors="Road atlas style" scheme aligned with conventional road atlas, Saturation=50, Brightness=100, except trunk is considered special case of primary (same hue). For best visibility: routeColor="#960000FF, gpxColor="#B400FFFF".
		- map rendering is aligned to typical map use for all zoom levels (scales), to always give a complete and reliable map.
		Typical zoom level use (zX) and alignment of features displayed:
		 - z7  = "Rough Region Level Overview": Shows motorways, trunks, primary roads and city names
		 - z11 = "Country Road Atlas": Secondary roads (already from z9) and tertiary (already from z10). Show large scale landuse like forest and residential areas (already from z10). Also all town names (already from z9) and now all other locality names. Shows mountain peaks for orientation.
		 - z12 = "Detailed Country Road Atlas": Add all other public highways like road, unclassified, residential. Add foot and bike tracks. Also tag mountain peaks.
		 - z13 = "Regional Driving. Good Overview": Displays all driving as well as hiking connections. Show service, living street, pedestrian and footway highways. Include all area landuse.
		 - z14 = "Local Driving, also Hiking Map"
		 - z15 = "City Driving": Display all details of interest for this.
		 - z16 = "Walking, City tour": Outline and tag buildings
		 - z17 = Building details, street corner details.
	--> 

	<!--
		Main colors for night renderer (road brightness levels aligned with priority), by Hardy Mueller:
		- default: 003333
		- forest: 000034
		- other open (non-forest) nature: 004333 (vegetation shaders replaced by 114433)
		- water: 330099
		- built-up areas: 66004B
		- buildings: 560000
		- 'white' roads: 9F9F9F to darken high density areas sufficiently
		- leave other road colors like day, for easy recognition
	--> 

	<!--
		Currently available icons : aerodrome, airport, alpine_hut, atm, bank, bar, beach, bollard, bus_station, bus_stop_small, bus_stop,
		cable_car, cafe, camp_site, car_share, caravan_park, cave_entrance, chair_lift, cinema, cliff, cliff2, danger, department_store, embassy,
		fast_food, firestation, food_drinkingtap, forest, fuel, gate2, glacier, grave_yard, guest_house, halt, hospital, hostel, hotel,
		level_crossing, level_crossing2, library, liftgate, lighthouse, lock_gate, marsh, mast, memorial, mini_round, mud, museum, nr, orchard
		parking, peak, pharmacy, place_of_worship, police, postbox, postoffice power_tower, power_wind, prison, pub, quarry2, recycling,
		rental_bicycle restaurant, school, scrub, shelter, shop_bakery, shop_butcher, shop_clothes shop_convenience, shop_diy, shop_hairdresser,
		shop_supermarket, sosphone, spring station_small, station, telephone, theatre, toilets, tower_water, traffic_light transport_ford, tree,
		tree2, viewpoint, vineyard, windmill, zoo, dentist, veterinary, doctors, optician, bureau_de_change, vending_machine, kiosk, outdoor, wreck, wyside_shrine,
		wayside_cross, ruins, monument, battlefield, water_park, video, horse_racing, stadium, kindergarten, theme_par, baseball, archery, golf, swimming, diving, scuba_diving,
		canoe, skiing, soccer, tennis, greengrocer, mobile_phone, motorcycle, electronics, fishing, barrier_block, tobacco, townhall, barrier_kissing, barrier_toll,
		laundry, copyshop 
	-->


	<!-- input layer check tag, value, point, cycle, area -->
	<!-- Order should be between 0 and 255 (integer) -->
	<!-- output ! objectType point = 1, line = 2, polygon = 3 and order -->
	<order>
		<!-- point has order 128 -->
		<filter tag="" value="" point="true" order="128" objectType="1"/>
		<!-- default polygon -->
		<filter cycle="true" layer="-1" tag="" value="" order="3" objectType="3"/>
		<filter area="true" layer="-1" tag="" value="" order="3" objectType="3"/>
		<filter cycle="true" tag="" value="" order="7" objectType="3"/>
		<filter area="true" tag="" value="" order="7" objectType="3"/>
		<!-- default line -->
		<filter layer="-1" tag="" value="" order="10" objectType="2"/>
		<filter tag="" value="" order="11" objectType="2"/>
		
		
		<group>
			<filter tag="railway" value="platform"/>
			<filter tag="railway" value="station"/>
			<filter tag="public_transport" value="station"/>
			<filter tag="public_transport" value="platform"/>
			<groupFilter>
				<filter point="false" cycle="true" objectType="3" order="36"/>
				<filter point="false" area="true" objectType="3" order="36"/>
				<filter point="false" objectType="2" order="58"/>
				<filter point="true" objectType="1" order="128"/>
			</groupFilter>
		</group>
		
		<group objectType="2" area="false" point="false">
			<!-- Over buildings -->
			<filter tag="aerialway" value="" order="96"/>
			<filter tag="power" value="line" order="96"/>
			<filter tag="power" value="minor_line" order="96"/>

			<filter layer="1" tag="railway" value="" order="88"/>
			<filter appMode="car" layer="1" tag="railway" value="" order="71"/>
			<filter appMode="car" tag="railway" value="" order="36"/>
			<filter tag="railway" value="" order="58"/>
			<filter appMode="car" tag="public_transport" value="" order="36"/>
			<filter tag="public_transport" value="" order="58"/>
			
			<filter layer="1" tag="waterway" value="" order="68"/>
			<filter tag="waterway" value="" order="18"/>

			<!-- Admin_levels under highways unless appMode=default -->
			<filter appMode="pedestrian" tag="admin_level" value="" order="34"/>
			<filter appMode="bicycle" tag="admin_level" value="" order="34"/>
			<filter appMode="car" tag="admin_level" value="" order="34"/>
			<filter tag="admin_level" value="" order="62"/>

			<filter tag="administrative" value="" order="62"/>
			<filter tag="boundary" value="" order="62"/>
				 
			<!-- Highways: 35-57, bridges 70-88 -->
			 <filter layer="1" tag="highway" value="motorway" order="87"/>
			<filter tag="highway" value="motorway" order="57"/>
			 <filter layer="1" tag="highway" value="trunk" order="86"/>
			<filter tag="highway" value="trunk" order="56"/>
			 <filter layer="1" tag="highway" value="primary" order="85"/>
			<filter tag="highway" value="primary" order="55"/>
			 <filter layer="1" tag="highway" value="secondary" order="84"/>
			<filter tag="highway" value="secondary" order="54"/>
			 <filter layer="1" tag="highway" value="tertiary" order="83"/>
			<filter tag="highway" value="tertiary" order="53"/>

			 <filter layer="1" tag="highway" value="road" order="82"/>
			<filter tag="highway" value="road" order="52"/>
			 <filter layer="1" tag="highway" value="unclassified" order="82"/>
			<filter tag="highway" value="unclassified" order="52"/>
			<filter layer="1" tag="highway" value="residential" order="81" area="false"/>
			<filter tag="highway" value="residential" order="51" area="false"/> 
			 <filter layer="1" tag="highway" value="service" order="81"/>
			<filter tag="highway" value="service" order="51"/>
			 <filter layer="1" tag="highway" value="living_street" order="80"/>
			<filter tag="highway" value="living_street" order="50"/>
			 <filter layer="1" tag="highway" value="pedestrian" order="80"/>
			<filter appMode="pedestrian" tag="highway" value="pedestrian" order="58"/>
			<filter tag="highway" value="pedestrian" order="50"/>

			 <filter layer="1" tag="highway" value="construction" order="76"/>
			<filter tag="highway" value="construction" order="46"/>
			 <filter layer="1" tag="highway" value="proposed" order="75"/>
			<filter tag="highway" value="proposed" order="45"/>
			 <filter layer="1" tag="highway" value="motorway_link" order="74"/>
			<filter tag="highway" value="motorway_link" order="44"/>
			 <filter layer="1" tag="highway" value="trunk_link" order="73"/>
			<filter tag="highway" value="trunk_link" order="43"/>
			 <filter layer="1" tag="highway" value="primary_link" order="72"/>
			<filter tag="highway" value="primary_link" order="42"/>
			 <filter layer="1" tag="highway" value="secondary_link" order="71"/>
			<filter tag="highway" value="secondary_link" order="41"/>
			 <filter layer="1" tag="highway" value="tertiary_link" order="70"/>
			<filter tag="highway" value="tertiary_link" order="40"/>

			 <filter layer="1" tag="highway" value="cycleway" order="90"/>
			<filter appMode="pedestrian" tag="highway" value="cycleway" order="59"/>
			<filter appMode="bicycle" tag="highway" value="cycleway" order="60"/>
			<filter tag="highway" value="cycleway" order="39"/>

			 <filter layer="1" appMode="bicycle" tag="cycleway" value="" order="90"/>
			<filter appMode="bicycle" tag="cycleway" value="" order="60"/>

			<!-- byway is deprecated tag, describes UK-only road. Proper tag should be highway=track or highway=path -->
			<filter layer="1" tag="highway" value="byway" order="90"/>
			<filter appMode="pedestrian" tag="highway" value="byway" order="60"/>
			<filter appMode="bicycle" tag="highway" value="byway" order="59"/>
			<filter tag="highway" value="byway" order="37"/>

			<filter layer="1" tag="highway" value="track" order="90"/>
			<filter appMode="pedestrian" tag="highway" value="track" order="60"/>
			<filter tag="highway" value="track" order="37"/>

			<filter layer="1" tag="highway" value="path" order="90"/>
			<filter appMode="pedestrian" tag="highway" value="path" order="60"/>
			<filter tag="highway" value="path" order="37"/>

			<filter layer="1" tag="highway" value="footway" order="90"/>
			<filter appMode="pedestrian" tag="highway" value="footway" order="60"/>
			<filter tag="highway" value="footway" order="37"/>

			<filter layer="1" tag="highway" value="steps" order="91"/>
			<filter appMode="pedestrian" tag="highway" value="steps" order="61"/>
			<filter tag="highway" value="steps" order="38"/>

			<filter layer="1" tag="highway" value="bridleway" order="90"/>
			<filter appMode="pedestrian" tag="highway" value="bridleway" order="59"/>
			<filter tag="highway" value="bridleway" order="37"/>
			
			<filter tag="natural" value="coastline_broken" order="35"/>
			<filter tag="natural" value="coastline_line" order="35"/>
			<filter tag="route" value="ferry" order="35"/>
			<filter tag="aeroway" value="" order="32"/>
			<filter tag="contour" value="" order="15"/>
		</group>

		<filter tag="barrier" value="" order="20" objectType="2" point="false"/>
		<filter tag="fenced" value="yes" order="20" objectType="2" point="false"/>

		<group objectType="3" point="false">
			<filter layer="-1" tag="building" value="" order="6"/>
			<filter tag="building" value="" order="33"/>

			<filter tag="railway" value="" order="30"/>
		
			<filter tag="highway" value="road" order="32"/>
			<filter tag="highway" value="unclassified" order="32"/>
			<filter tag="highway" value="residential" order="32"/>
			<filter tag="highway" value="service" order="32"/>
			<filter tag="highway" value="pedestrian" order="32"/>
			<filter tag="highway" value="footway" order="32"/>
			<filter tag="highway" value="" order="32"/>

			<filter tag="aeroway" value="terminal" order="33"/>
			<filter tag="aeroway" value="apron" order="32"/>
			<filter tag="aeroway" value="" order="31"/>

			<filter tag="power" value="" order="7"/>
			<filter tag="amenity" value="" order="7"/>
			<filter tag="tourism" value="" order="7"/>
			<filter tag="military" value="" order="7"/>
			<filter tag="leisure" value="" order="7"/>

			<filter tag="waterway" value="" order="6"/>

			<filter tag="landuse" value="reservoir" order="5"/>
			<filter tag="landuse" value="water" order="5"/>
			<filter tag="landuse" value="village_green" order="4"/>
			<filter tag="landuse" value="" order="3"/>

			<filter tag="natural" value="water" order="5"/>
			<filter tag="waterway" value="riverbank" order="5"/>
			<filter tag="natural" value="bay" order="5"/>
			<filter tag="natural" value="land" order="2"/>
			<filter tag="natural" value="coastline" order="1"/>
			<filter tag="natural" value="" order="3"/>
		</group>
	</order>


	<!-- PRIORITY Input to filter : tag, value, zoom [minzoom, maxzoom], textLength, ref, textOrder (default=100) -->
	<text>
		<!-- Highway refs -->
		<filter minzoom="8" tag="highway" value="motorway" nameTag="ref" textMinDistance="150" textColor="#ffffff" textSize="12" textBold="true" textOrder="7">
			<filter textLength="1" textShield="mot_shield1"/>
			<filter textLength="2" textShield="mot_shield2"/>
			<filter textLength="3" textShield="mot_shield3"/>
			<filter textLength="4" textShield="mot_shield4"/>
			<filter textLength="5" textShield="mot_shield5"/>
			<filter textShield="mot_shield6"/>
		</filter>
		<filter minzoom="8" tag="highway" value="trunk" nameTag="ref" textMinDistance="150" textColor="#ffffff" textSize="12" textBold="true" textOrder="7">
			<filter textLength="1" textShield="tru_shield1"/>
			<filter textLength="2" textShield="tru_shield2"/>
			<filter textLength="3" textShield="tru_shield3"/>
			<filter textLength="4" textShield="tru_shield4"/>
			<filter textLength="5" textShield="tru_shield5"/>
			<filter textShield="tru_shield6"/>
		</filter>
		<filter minzoom="10" tag="highway" value="primary" nameTag="ref" textMinDistance="150" textColor="#ffffff" textSize="12" textBold="true" textOrder="8">
			<filter textLength="1" textShield="pri_shield1"/>
			<filter textLength="2" textShield="pri_shield2"/>
			<filter textLength="3" textShield="pri_shield3"/>
			<filter textLength="4" textShield="pri_shield4"/>
			<filter textLength="5" textShield="pri_shield5"/>
			<filter textShield="pri_shield6"/>
		</filter>
		<filter minzoom="12" tag="highway" value="secondary" nameTag="ref" textMinDistance="150" textColor="#ffffff" textSize="12" textBold="true" textOrder="9">
			<filter textLength="1" textShield="sec_shield1"/>
			<filter textLength="2" textShield="sec_shield2"/>
			<filter textLength="3" textShield="sec_shield3"/>
			<filter textLength="4" textShield="sec_shield4"/>
			<filter textLength="5" textShield="sec_shield5"/>
			<filter textShield="sec_shield6"/>
		</filter>
		<filter minzoom="13" tag="highway" value="tertiary" nameTag="ref" textMinDistance="150" textColor="#ffffff" textSize="12" textBold="true" textOrder="10">
			<filter textLength="1" textShield="ter_shield1"/>
			<filter textLength="2" textShield="ter_shield2"/>
			<filter textLength="3" textShield="ter_shield3"/>
			<filter textLength="4" textShield="ter_shield4"/>
			<filter textLength="5" textShield="ter_shield5"/>
			<filter textShield="ter_shield6"/>
		</filter>
		<!-- Highway text -->
		<group>
			<filter tag="highway" value="motorway" nameTag="" textOrder="6"/>
			<filter tag="highway" value="motorway_link" nameTag="" textOrder="7"/>
			<filter tag="highway" value="trunk" nameTag="" textOrder="6"/>
			<filter tag="highway" value="trunk_link" nameTag="" textOrder="7"/>
			<filter tag="highway" value="primary" nameTag="" textOrder="7"/>
			<filter tag="highway" value="primary_link" nameTag="" textOrder="8"/>
			<filter tag="highway" value="secondary" nameTag="" textOrder="8"/>
			<filter tag="highway" value="secondary_link" nameTag="" textOrder="9"/>
			<groupFilter textOnPath="true">
				<filter minzoom="13" maxzoom="13" textSize="12"/>
				<filter minzoom="14" maxzoom="14" textSize="13"/>
				<filter minzoom="15" maxzoom="15" textSize="14"/>
				<filter minzoom="16" maxzoom="16" textSize="15"/>
				<filter minzoom="17" maxzoom="17" textSize="17"/>
				<filter minzoom="18" textSize="19"/>
			</groupFilter>
		</group>
		<group>
			<filter tag="highway" value="tertiary" nameTag="" textOrder="8"/>
			<filter tag="highway" value="tertiary_link" nameTag="" textOrder="9"/>

			<filter tag="highway" value="road" textOrder="9"/>
			<filter tag="highway" value="unclassified" textOrder="9"/>
			<filter tag="highway" value="residential" textOrder="9"/>

			<filter tag="highway" value="service" textOrder="10"/>
			<filter tag="highway" value="living_street" textOrder="10"/>
			<filter tag="highway" value="pedestrian" textOrder="11"/>

			<filter tag="highway" value="services" textOrder="10"/>
			<filter tag="highway" value="ford" textOrder="10"/>
			<filter tag="highway" value="construction" textOrder="9"/>
			<filter tag="highway" value="proposed" textOrder="9"/>
			<groupFilter textOnPath="true" nameTag="" >
				<filter minzoom="14" maxzoom="14" textSize="12"/>
				<filter minzoom="15" maxzoom="15" textSize="13"/>
				<filter minzoom="16" maxzoom="16" textSize="14"/>
				<filter minzoom="17" maxzoom="17" textSize="16"/>
				<filter minzoom="18" textSize="18"/>
			</groupFilter>
		</group>
		<group>
			<filter tag="highway" value="track" textOrder="9"/>
			<filter tag="highway" value="path" textOrder="9"/>
			<filter tag="highway" value="byway" textOrder="9"/>
			<filter tag="highway" value="cycleway" textOrder="14"/>
			<filter tag="highway" value="footway" textOrder="15"/>
			<filter tag="highway" value="steps" textOrder="15"/>
			<filter tag="highway" value="bridleway" textOrder="15"/>
			<groupFilter nameTag="">
				<filter minzoom="14" maxzoom="14" textSize="12"/>
				<filter minzoom="15" maxzoom="15" textSize="13"/>
				<filter minzoom="16" maxzoom="16" textSize="14"/>
				<filter minzoom="17" maxzoom="17" textSize="16"/>
				<filter minzoom="18" textSize="18"/>
				<groupFilter textOnPath="true" textDy="-7">
					<filter nightMode="true" textColor="#ffffff"/>
					<filter nightMode="false" textColor="#000000"/>
				</groupFilter>
			</groupFilter>
		</group>
		<filter tag="highway" value="motorway_junction" textColor="#00008b" textHaloRadius="1" textWrapWidth="16" textMinDistance="10" textOrder="6">
			<filter appMode="car" minzoom="13" maxzoom="13" textSize="16" nameTag="ref"/>
			<filter appMode="car" minzoom="14" textSize="16" nameTag=""/>
			<filter minzoom="14" textSize="14" nameTag=""/>
		</filter>

		<filter minzoom="3" textSize="14" textColor="#9d6c9d" textWrapWidth="35" tag="natural" value="coastline"/>
		<filter minzoom="3" textSize="14" textColor="#9d6c9d" textWrapWidth="35" tag="natural" value="land"/>
		<filter minzoom="3" textSize="14" textColor="#9d6c9d" textWrapWidth="35" tag="route" value="ferry"/>
		<!-- Location names -->
		<filter minzoom="3" textSize="14" textColor="#9d6c9d" textWrapWidth="20" tag="place" value="country"/>
		<filter minzoom="4" textSize="14" textColor="#9d6c9d" textWrapWidth="20" tag="place" value="state"/>
		<filter minzoom="4" textSize="14" textColor="#9d6c9d" textWrapWidth="20" tag="place" value="region"/>
		<group textColor="#000000">
			<filter minzoom="4" textSize="20" textBold="true" textDy="1" textWrapWidth="20" tag="place" value="city" textOrder="4"/>
			<filter minzoom="6" textSize="16" textBold="true" textDy="1" textWrapWidth="20" tag="place" value="town" textOrder="5"/>
			<filter minzoom="11" textSize="14" tag="place" value="village" textOrder="10"/>
			<groupFilter nightMode="true" textColor="#ffffff"/>
		</group>
		<group textColor="#777777">
			<filter minzoom="11" textSize="13" tag="place" value="hamlet" textOrder="12"/>
			<filter minzoom="11" textSize="14" tag="place" value="suburb" textOrder="12"/>
			<filter minzoom="11" textSize="13" tag="place" value="locality" textOrder="15"/>
			<filter minzoom="11" textSize="14" tag="place" value="island" textOrder="10"/>
			<filter minzoom="10" textSize="14" textColor="#99cc99" textBold="true" textWrapWidth="14" tag="boundary" value="national_park" textOrder="10"/>
			<groupFilter nightMode="true" textColor="#D7D7D7"/>
		</group>

		<!-- Natural -->
		<filter contourLines="11" nightMode="false" minzoom="13" textSize="12" textColor="#444444" textOnPath="true" tag="contour" value=""/>
		<filter contourLines="12" nightMode="false" minzoom="13" textSize="12" textColor="#444444" textOnPath="true" tag="contour" value=""/>
		<filter contourLines="13" nightMode="false" minzoom="13" textSize="12" textColor="#444444" textOnPath="true" tag="contour" value=""/>
			<filter contourLines="11" nightMode="true" minzoom="13" textSize="12" textColor="#777777" textOnPath="true" tag="contour" value=""/>
			<filter contourLines="12" nightMode="true" minzoom="13" textSize="12" textColor="#777777" textOnPath="true" tag="contour" value=""/>
			<filter contourLines="13" nightMode="true" minzoom="13" textSize="12" textColor="#777777" textOnPath="true" tag="contour" value=""/>
		<filter minzoom="13" textSize="12" textColor="#000000" textWrapWidth="10" tag="natural" value="wood" textOrder="10"/>
		<filter minzoom="15" textSize="12" textColor="#09dd09" textWrapWidth="15" tag="natural" value="park" textOrder="10"/>
		<filter minzoom="14" textSize="12" textColor="#6699cc" textHaloRadius="1" textWrapWidth="20" tag="natural" value="beach" textOrder="10"/>
		<group>
			<filter minzoom="12" maxzoom="13" textSize="12" textHaloRadius="1" textDy="7" tag="natural" value="peak" nameTag="ele" textOrder="10"/>
			<filter minzoom="14" maxzoom="14" textSize="12" textHaloRadius="1" textDy="7" tag="natural" value="peak" nameTag="" textOrder="10"/>
			<filter minzoom="15" maxzoom="16" textSize="13" textHaloRadius="1" textDy="7" tag="natural" value="peak" nameTag="" textOrder="15"/>
			<filter minzoom="17" textSize="16" textHaloRadius="1" textDy="7" tag="natural" value="peak" nameTag="" textOrder="15"/>
			<filter minzoom="16" textSize="12" textDy="7" textWrapWidth="20" tag="natural" value="cave_entrance" textOrder="15"/>
			<groupFilter>
				<filter nightMode="true" textColor="#CC3300"/>
				<filter nightMode="false" textColor="#654321"/>
			</groupFilter>
		</group>

		<!-- Water -->
		<filter minzoom="6" textSize="12" textColor="#6699cc" textWrapWidth="20" tag="natural" value="water" textOrder="10"/>
		<filter minzoom="6" textSize="12" textColor="#6699cc" textWrapWidth="20" tag="natural" value="lake" textOrder="10"/>
		<filter minzoom="13" textSize="12" textColor="#6699cc" textOnPath="true" tag="waterway" value="stream" textOrder="15"/>
		<filter minzoom="11" textSize="12" textColor="#6699cc" textOnPath="true" textMinDistance="80" tag="waterway" value="river" textOrder="10"/>
		<filter minzoom="13" textSize="12" textColor="#6699cc" textOnPath="true" textMinDistance="80" tag="waterway" value="canal" textOrder="10"/>
		<filter minzoom="15" textSize="12" textColor="#6699cc" textOnPath="true" tag="waterway" value="ditch" textOrder="15"/>
		<filter minzoom="15" textSize="12" textColor="#6699cc" textOnPath="true" tag="waterway" value="drain" textOrder="15"/>
		<filter minzoom="15" textSize="12" textColor="#6699cc" textDy="7" textWrapWidth="30" tag="waterway" value="lock_gate" textOrder="15"/>
		<filter minzoom="15" textSize="12" textColor="#6699cc" textDy="7" textWrapWidth="30" tag="waterway" value="lock" textOrder="15"/>
		<filter minzoom="15" textSize="12" textColor="#6699cc" tag="waterway" value="dam" textOrder="15"/>
		<filter minzoom="16" textSize="12" textColor="#6699cc" textDy="7" textWrapWidth="20" tag="natural" value="spring" textOrder="15"/>

		<filter minzoom="13" textSize="12" textColor="#6699cc" textWrapWidth="20" tag="landuse" value="water"/>
		<filter minzoom="13" textSize="12" textColor="#6699cc" textWrapWidth="20" tag="landuse" value="reservoir"/>

		<!-- Railroad -->
		<filter minzoom="14" maxzoom="14" textSize="12" textColor="#6666ff" textHaloRadius="1" textBold="true" textDy="7" tag="railway" value="station"/>
			<filter minzoom="15" textSize="13" textColor="#6666ff" textHaloRadius="1" textBold="true" textDy="7" tag="railway" value="station"/>
			<filter minzoom="14" maxzoom="14" textSize="12" textColor="#6666ff" textHaloRadius="1" textBold="true" textDy="7" tag="public_transport" value="station"/>
			<filter minzoom="15" textSize="13" textColor="#6666ff" textHaloRadius="1" textBold="true" textDy="7" tag="public_transport" value="station"/>
		<filter minzoom="14" maxzoom="14" textSize="12" textColor="#6666ff" textHaloRadius="1" textDy="7" tag="railway" value="halt"/>
			<filter minzoom="15" textSize="12" textColor="#6666ff" textHaloRadius="1" textDy="7" tag="railway" value="halt"/>
			<filter minzoom="15" textSize="12" textColor="#6666ff" textHaloRadius="1" textDy="7" tag="railway" value="tram_stop"/>
		<filter minzoom="14" maxzoom="14" textSize="12" textColor="#6666ff" textHaloRadius="1" textBold="true" textDy="7" tag="public_transport" value="platform"/>
			<filter minzoom="15" textSize="13" textColor="#6666ff" textHaloRadius="1" textBold="true" textDy="7" tag="public_transport" value="platform"/>
			<filter minzoom="14" maxzoom="14" textSize="12" textColor="#6666ff" textHaloRadius="1" textBold="true" textDy="7" tag="railway" value="platform"/>
			<filter minzoom="15" textSize="13" textColor="#6666ff" textHaloRadius="1" textBold="true" textDy="7" tag="railway" value="platform"/>

		<filter minzoom="14" textSize="12" textColor="#6666ff" textDy="7" tag="aerialway" value="station"/>

		<!-- Aeroway -->
		<filter minzoom="11" textSize="12" textColor="#6692da" textHaloRadius="1" textDy="7" tag="aeroway" value="aerodrome"/>
		<filter minzoom="14" textSize="12" textColor="#333333" textOnPath="true" textMinDistance="50" tag="aeroway" value="runway" nameTag="ref"/>
		<filter minzoom="15" textSize="12" textColor="#333333" textOnPath="true" textMinDistance="50" tag="aeroway" value="taxiway" nameTag="ref"/>
		<filter minzoom="10" textSize="12" textColor="#6692da" textHaloRadius="1" textBold="true" textDy="7" tag="aeroway" value="airport"/>
		<filter minzoom="17" textSize="12" textColor="#aa66cc" textWrapWidth="10" tag="aeroway" value="gate" nameTag="ref"/>
		
		<!-- landuse -->
		<group>
			<filter minzoom="15" tag="landuse" value="garages"/>
			<filter minzoom="15" tag="landuse" value="industrial"/>
			<filter minzoom="15" tag="landuse" value="commercial"/>
			<groupFilter textSize="12" textColor="#000000" textHaloRadius="1" textWrapWidth="20" textOrder="200">
				<groupFilter nightMode="true" textColor="#ffffff"/>
			</groupFilter>
		</group>

		<!-- Buildings -->
		<filter minzoom="16" maxzoom="17" textSize="13" textColor="#444444" textWrapWidth="16" textMinDistance="40" tag="building" value="" textOrder="100"/>
			<filter minzoom="18" textSize="15" textColor="#444444" textWrapWidth="16" tag="building" value="" textOrder="100"/>
		<filter minzoom="18" textSize="15" textColor="#444444" textWrapWidth="16" tag="addr:housenumber" value="" textOrder="150"/>

		<!-- Buildings used for orientation -->
		<filter minzoom="15" textSize="12" textColor="#6699cc" textHaloRadius="1" textDy="7" textWrapWidth="12" tag="man_made" value="lighthouse"/>
		<filter minzoom="16" textSize="12" textColor="#734a08" textDy="7" textWrapWidth="20" tag="man_made" value="windmill"/>

		<!-- Historic -->
		<group>
			<filter minzoom="16" tag="historic" value="castle"/>
			<filter minzoom="16" tag="historic" value="monument"/>
			<filter minzoom="17" tag="historic" value="memorial"/>
			<filter minzoom="15" tag="historic" value="battlefield"/>
			<filter minzoom="15" tag="historic" value="fort"/>
			<filter minzoom="16" tag="historic" value="ruins"/>
			<filter minzoom="16" tag="historic" value="archaeological_site"/>
			<filter minzoom="16" tag="historic" value="wreck"/>
			<groupFilter textSize="12" textColor="#734a08" textHaloRadius="1" textDy="7" textWrapWidth="20"/>
		</group>

		<!-- Amenities -->
		<group>
			<filter minzoom="17" tag="amenity" value="restaurant"/>
			<filter minzoom="17" tag="amenity" value="cafe"/>
			<filter minzoom="17" tag="amenity" value="food_court"/>
			<filter minzoom="17" tag="amenity" value="fast_food"/>
			<filter minzoom="17" tag="amenity" value="pub"/>
			<filter minzoom="17" tag="amenity" value="bar"/>
			<filter minzoom="16" tag="amenity" value="fire_station"/>
			<filter minzoom="16" tag="amenity" value="townhall"/> 
			<filter minzoom="16" tag="amenity" value="courthouse"/> 
			<filter minzoom="17" tag="amenity" value="bank"/>
			<filter minzoom="17" tag="amenity" value="bureau_de_change"/>
			<filter minzoom="17" tag="amenity" value="library"/>
			<filter minzoom="17" tag="amenity" value="arts_centre"/>
			<filter minzoom="17" tag="amenity" value="cinema"/>
			<filter minzoom="17" tag="amenity" value="community_centre"/>
			<filter minzoom="17" tag="amenity" value="social_centre"/>
			<filter minzoom="17" tag="amenity" value="nightclub"/>
			<filter minzoom="17" tag="amenity" value="stripclub"/>
			<filter minzoom="17" tag="amenity" value="studio"/>
			<filter minzoom="17" tag="amenity" value="theatre"/>
			<filter minzoom="17" tag="amenity" value="sauna"/>
			<filter minzoom="17" tag="amenity" value="brothel"/>
			<filter minzoom="17" tag="amenity" value="embassy"/>
			<filter minzoom="17" tag="amenity" value="police"/>
			<filter minzoom="17" tag="amenity" value="prison"/>
			<groupFilter textSize="12" textColor="#734a08" textHaloRadius="1" textDy="7" textWrapWidth="20"/>
		</group>
		<filter minzoom="16" textSize="12" textColor="#000033" textHaloRadius="1" textDy="7" textWrapWidth="16" tag="amenity" value="kindergarten"/>
		<filter minzoom="16" textSize="12" textColor="#000033" textHaloRadius="1" textDy="7" textWrapWidth="16" tag="amenity" value="school"/>
		<filter minzoom="15" textSize="12" textColor="#000033" textHaloRadius="1" textDy="7" textWrapWidth="16" tag="amenity" value="college"/>
		<filter minzoom="15" textSize="12" textColor="#000033" textHaloRadius="1" textDy="7" textWrapWidth="16" textBold="true" tag="amenity" value="university"/>
		<filter minzoom="16" textSize="12" textColor="#000033" textHaloRadius="1" textDy="7" textWrapWidth="30" tag="amenity" value="place_of_worship"/>
		<filter minzoom="17" textSize="12" textColor="#0066ff" textHaloRadius="1" textDy="7" textWrapWidth="34" tag="amenity" value="parking"/>
		<filter minzoom="17" textSize="12" textColor="#0066ff" textHaloRadius="1" textDy="7" tag="amenity" value="fuel"/>
		<filter minzoom="16" textSize="12" textColor="#0066ff" textHaloRadius="1" textDy="7" tag="amenity" value="bus_station"/>
		<filter minzoom="16" textSize="12" textColor="#0066ff" textHaloRadius="1" textDy="7" tag="amenity" value="shelter"/>
		<filter minzoom="17" textSize="12" textColor="#da0092" textHaloRadius="1" textDy="7" textWrapWidth="12" tag="amenity" value="pharmacy"/>
		<filter minzoom="16" textSize="12" textColor="#da0092" textHaloRadius="1" textDy="7" textWrapWidth="24" tag="amenity" value="hospital"/>
		<filter minzoom="16" textSize="12" textColor="#da0092" textHaloRadius="1" textDy="7" textWrapWidth="24" tag="amenity" value="veterinary"/>
		<filter minzoom="16" textSize="12" textColor="#da0092" textHaloRadius="1" textDy="7" textWrapWidth="24" tag="amenity" value="doctors"/>
		<filter minzoom="16" textSize="12" textColor="#da0092" textHaloRadius="1" textDy="7" textWrapWidth="24" tag="amenity" value="dentist"/>
		<filter minzoom="16" textSize="12" textColor="#993399" textHaloRadius="1" textDy="7" textWrapWidth="20" tag="amenity" value="marketplace"/> 
		<filter minzoom="13" textSize="12" textColor="#ffc0cb" textHaloRadius="1" textBold="true" textWrapWidth="10" tag="military" value="danger_area"/>

		<!-- Shops -->
		<group>
			<filter minzoom="17" tag="shop" value="alcohol"/>
			<filter minzoom="17" tag="shop" value="bakery"/>
			<filter minzoom="17" tag="shop" value="boutique"/>
			<filter minzoom="17" tag="shop" value="butcher"/>
			<filter minzoom="17" tag="shop" value="clothes"/>
			<filter minzoom="17" tag="shop" value="confectionery"/>
			<filter minzoom="17" tag="shop" value="fashion"/>
			<filter minzoom="17" tag="shop" value="car"/>
			<filter appMode="car" minzoom="17" tag="shop" value="car_repair"/>
			<filter minzoom="17" tag="shop" value="convenience"/>
			<filter minzoom="17" tag="shop" value="copyshop"/>
			<filter minzoom="16" tag="shop" value="department_store"/>
			<filter minzoom="17" tag="shop" value="doityourself"/>
			<filter minzoom="17" tag="shop" value="electronics"/>
			<filter minzoom="17" tag="shop" value="florist"/>
			<filter minzoom="17" tag="shop" value="furniture"/>
			<filter minzoom="17" tag="shop" value="greengrocer"/>
			<filter minzoom="17" tag="shop" value="hairdresser"/>
			<filter minzoom="17" tag="shop" value="hardware"/>
			<filter minzoom="17" tag="amenity" value="ice_cream"/>
			<filter minzoom="17" tag="shop" value="kiosk"/>
			<filter minzoom="17" tag="shop" value="laundry"/>
			<filter minzoom="17" tag="shop" value="mobile_phone"/>
			<filter minzoom="17" tag="shop" value="motorcycle"/>
			<filter minzoom="17" tag="shop" value="musical_instrument"/>
			<filter minzoom="17" tag="shop" value="optician"/>
			<filter minzoom="16" tag="shop" value="outdoor"/>
			<filter minzoom="16" tag="shop" value="supermarket"/>
			<filter minzoom="17" tag="shop" value="tobacco"/>
			<filter minzoom="17" tag="shop" value="vending_machine"/>
			<filter minzoom="17" tag="shop" value="video"/>
			<groupFilter textSize="12" textColor="#993399" textHaloRadius="1" textDy="7" textWrapWidth="15"/>
		</group>

		<!-- Leisure + Sport -->
		<group>
			<filter minzoom="16" tag="leisure" value="water_park"/>
			<filter minzoom="16" tag="sport" value="horse_racing"/>
			<filter minzoom="16" tag="sport" value="soccer"/>
			<filter minzoom="17" tag="sport" value="archery"/>
			<filter minzoom="16" tag="sport" value="baseball"/>
			<filter minzoom="15" tag="leisure" value="stadium"/>
			<filter minzoom="17" tag="sport" value="canoe"/>
			<filter minzoom="16" tag="sport" value="tennis"/>
			<filter minzoom="16" tag="sport" value="shooting"/>
			<filter minzoom="16" tag="sport" value="golf"/>
			<filter minzoom="16" tag="sport" value="skiing"/>
			<filter minzoom="16" tag="sport" value="swimming"/>
			<filter minzoom="17" tag="sport" value="diving"/>
			<filter minzoom="17" tag="sport" value="scuba_diving"/>
			<filter minzoom="17" tag="leisure" value="fishing"/> 
			<filter minzoom="16" tag="leisure" value="sports_centre"/> 
			<filter minzoom="15" tag="leisure" value=""/>
			<groupFilter textSize="12" textColor="#000033" textHaloRadius="1" textDy="7" textWrapWidth="16"/>
		</group>
		<filter minzoom="14" textSize="12" textColor="#0000ff" textWrapWidth="30" tag="leisure" value="marina"/>

		<!-- Tourism -->
		<group>
			<filter minzoom="17" tag="tourism" value="hotel"/>
			<filter minzoom="17" tag="tourism" value="motel"/>
			<filter minzoom="17" tag="tourism" value="guest_house"/>
			<filter minzoom="17" tag="tourism" value="hostel"/>
			<filter minzoom="16" tag="tourism" value="alpine_hut"/>
			<filter minzoom="16" tag="tourism" value="caravan_site"/>
			<filter minzoom="16" tag="tourism" value="camp_site"/>
			<groupFilter textSize="12" textColor="#0066ff" textHaloRadius="1" textDy="7"/>
		</group>
		<filter minzoom="15" textSize="12" textColor="#000033" textHaloRadius="1" textWrapWidth="30" tag="tourism" value="theme_park"/>
		<filter minzoom="17" textSize="12" textColor="#734a08" textHaloRadius="1" textDy="7" tag="tourism" value="museum"/>

		<!-- type not supported -->
		<!-- <filter minzoom="16" textSize="13" textWrapWidth="10" tag="landuse" type="point"/> -->
	</text>


	<!-- PRIORITY Input to filter : tag, value, zoom [minzoom, maxzoom] -->
	<point>
		<!-- Locations -->
			<filter nightMode="true" minzoom="4" icon="city_night" tag="place" value="city"/>
		<filter minzoom="4" icon="city" tag="place" value="city"/>
			<filter nightMode="true" minzoom="6" icon="town_night" tag="place" value="town"/>
		<filter minzoom="6" icon="town" tag="place" value="town"/>

		<!-- Traffic -->
		<filter appMode="car" minzoom="16" icon="traffic_light" tag="highway" value="traffic_signals"/>
		<filter minzoom="17" icon="traffic_light" tag="highway" value="traffic_signals"/>
		<filter minzoom="15" icon="mini_roundabout" tag="highway" value="mini_roundabout"/>
		<filter minzoom="14" icon="bus_station" tag="amenity" value="bus_station"/>
		<filter minzoom="16" maxzoom="16" icon="bus_stop_small" tag="highway" value="bus_stop"/>
			<filter minzoom="17" icon="bus_stop" tag="highway" value="bus_stop"/>
		<filter minzoom="15" icon="gate2" tag="highway" value="gate"/>
		<filter minzoom="15" icon="gate2" tag="barrier" value="gate"/>
		<filter minzoom="16" icon="liftgate" tag="barrier" value="lift_gate"/>
		<filter minzoom="16" icon="bollard" tag="barrier" value="sally_port"/>
		<filter minzoom="13" icon="highway_ford" tag="highway" value="ford"/>
		<filter minzoom="15" icon="barrier_block" tag="barrier" value="block"/>
		<filter minzoom="15" icon="barrier_kissing_gate" tag="barrier" value="kissing_gate"/>
		<filter minzoom="14" icon="barrier_toll_booth" tag="barrier" value="toll_booth"/>
		<filter minzoom="14" icon="liftgate" tag="barrier" value="border_control"/>
		<filter minzoom="15" icon="parking" tag="amenity" value="parking"/>
		<filter minzoom="16" icon="parking" tag="amenity" value="bicycle_parking"/>

		<!-- Buildings -->
		<filter minzoom="16" icon="restaurant" tag="amenity" value="restaurant"/>
		<filter minzoom="16" icon="cafe" tag="amenity" value="cafe"/>
		<filter minzoom="16" icon="fast_food" tag="amenity" value="fast_food"/>
		<filter minzoom="16" icon="pub" tag="amenity" value="pub"/>
		<filter minzoom="16" icon="bar" tag="amenity" value="bar"/>
		<filter minzoom="16" icon="biergarten" tag="amenity" value="biergarten"/>
		<filter minzoom="16" icon="drinking_water" tag="amenity" value="drinking_water"/>

		<filter minzoom="16" icon="playground" tag="leisure" value="playground"/>
		<filter minzoom="16" icon="school" tag="amenity" value="school"/>
		<filter minzoom="16" icon="school" tag="amenity" value="college"/>
		<filter minzoom="16" icon="library" tag="amenity" value="library"/>

		<filter minzoom="15" icon="historic_castle" tag="historic" value="castle"/>
		<filter minzoom="16" icon="historic_monument" tag="historic" value="monument"/>
		<filter minzoom="16" icon="historic_memorial" tag="historic" value="memorial"/>
		<filter minzoom="16" icon="historic_battlefield" tag="historic" value="battlefield"/>
		<filter minzoom="16" icon="viewpoint" tag="historic" value="fort"/>
		<filter minzoom="16" icon="historic_ruins" tag="historic" value="ruins"/>
		<filter minzoom="16" icon="h_historic_archaeological_site" tag="historic" value="archaeological_site"/>
		<filter minzoom="16" icon="historic_wreck" tag="historic" value="wreck"/>
		<filter minzoom="16" icon="historic_wayside_cross" tag="historic" value="wayside_cross"/>
		<filter minzoom="16" icon="historic_wayside_shrine" tag="historic" value="wayside_shrine"/>
		<filter minzoom="16" icon="viewpoint" tag="historic" value="boundary_stone"/>

		<filter minzoom="15" icon="power_tower" tag="power" value="tower"/>
		<filter minzoom="15" icon="power_wind" tag="power" value="generator"/>
		<filter minzoom="15" icon="lighthouse" tag="man_made" value="lighthouse"/>
		<filter minzoom="16" icon="water_tower" tag="man_made" value="water_tower"/>
		<filter minzoom="16" icon="fire_station" tag="amenity" value="fire_station"/>
		<filter minzoom="16" icon="windmill" tag="man_made" value="windmill"/>
		<filter minzoom="16" icon="pharmacy" tag="amenity" value="pharmacy"/>
		<filter minzoom="15" icon="hospital" tag="amenity" value="hospital"/>
		<filter minzoom="16" icon="veterinary" tag="amenity" value="veterinary"/>
		<filter minzoom="16" icon="doctors" tag="amenity" value="doctors"/>
		<filter minzoom="16" icon="dentist" tag="amenity" value="dentist"/>
		<filter minzoom="16" icon="cinema" tag="amenity" value="cinema"/>
		<filter minzoom="16" icon="theatre" tag="amenity" value="theatre"/>
		<filter minzoom="16" icon="embassy" tag="amenity" value="embassy"/>
		<filter minzoom="16" icon="grave_yard" tag="amenity" value="grave_yard"/>
		<filter minzoom="16" icon="police" tag="amenity" value="police"/>
		<filter minzoom="17" icon="postbox" tag="amenity" value="post_box"/>
		<filter minzoom="16" icon="postoffice" tag="amenity" value="post_office"/>
		<filter minzoom="16" icon="prison" tag="amenity" value="prison"/>
		<filter minzoom="17" icon="recycling" tag="amenity" value="recycling"/>
		<filter minzoom="16" icon="shelter" tag="amenity" value="shelter"/>
		<filter minzoom="17" icon="telephone" tag="amenity" value="telephone"/>
		<filter minzoom="16" icon="toilets" tag="amenity" value="toilets"/>
		<filter minzoom="16" icon="place_of_worship" tag="amenity" value="place_of_worship"/>
		<filter minzoom="16" icon="kindergarten" tag="amenity" value="kindergarten"/>
		<filter minzoom="16" icon="amenity_fountain" tag="amenity" value="fountain"/>
		<filter minzoom="16" icon="amenity_marketplace" tag="amenity" value="marketplace"/>
		<filter minzoom="16" icon="barrier_entrance" tag="barrier" value="entrance"/>
		<filter minzoom="16" icon="barrier_entrance" tag="building" value="entrance"/>
		<filter minzoom="16" icon="townhall" tag="amenity" value="townhall"/>
		<filter minzoom="16" icon="amenity_court" tag="amenity" value="courthouse"/>

		<!-- Shops -->
		<filter appMode="car" minzoom="16" icon="shop_bakery" tag="shop" value="bakery"/>
		<filter minzoom="17" icon="shop_bakery" tag="shop" value="bakery"/>
		<filter appMode="car" minzoom="16" icon="shop_butcher" tag="shop" value="butcher"/>
		<filter minzoom="17" icon="shop_butcher" tag="shop" value="butcher"/>
		<filter appMode="car" minzoom="15" icon="shop_clothes" tag="shop" value="clothes"/>
		<filter minzoom="16" icon="shop_clothes" tag="shop" value="clothes"/>
		<filter appMode="car" minzoom="15" icon="shop_clothes" tag="shop" value="fashion"/>
		<filter minzoom="16" icon="shop_diy" tag="shop" value="doityourself"/>
		<filter minzoom="16" icon="shop_clothes" tag="shop" value="fashion"/>
		<filter minzoom="17" icon="shop_clothes" tag="shop" value="boutique"/>
		<filter minzoom="16" icon="shop_bicycle" tag="shop" value="bicycle"/>
		<filter minzoom="14" icon="fuel" tag="amenity" value="fuel"/>
		<filter minzoom="16" icon="shop_car" tag="shop" value="car"/>
		<filter minzoom="16" icon="shop_car_repair" tag="shop" value="car_repair"/>
		<filter minzoom="16" icon="bicycle_rental" tag="amenity" value="bicycle_rental"/>
		<filter minzoom="16" icon="car_sharing" tag="amenity" value="car_sharing"/>
		<filter appMode="car" minzoom="16" icon="atm" tag="amenity" value="atm"/>
		<filter minzoom="17" icon="atm" tag="amenity" value="atm"/>
		<filter minzoom="16" icon="bank" tag="amenity" value="bank"/>
		<filter appMode="car" minzoom="15" icon="shop_convenience" tag="shop" value="convenience"/>
		<filter minzoom="16" icon="shop_convenience" tag="shop" value="convenience"/>
		<filter minzoom="15" icon="department_store" tag="shop" value="department_store"/>
		<filter minzoom="16" icon="shop_electronics" tag="shop" value="electronics"/>
		<filter appMode="car" minzoom="15" icon="shop_supermarket" tag="shop" value="general"/>
		<filter minzoom="16" icon="shop_supermarket" tag="shop" value="general"/>
		<filter minzoom="16" icon="shop_outdoor" tag="shop" value="outdoor"/>
		<filter minzoom="16" icon="shop_outdoor" tag="leisure" value="fishing"/>
		<filter minzoom="16" icon="florist" tag="shop" value="florist"/>
		<filter minzoom="16" icon="shop_hairdresser" tag="shop" value="hairdresser"/>
		<filter minzoom="15" icon="department_store" tag="shop" value="mall"/>
		<filter minzoom="15" icon="shop_supermarket" tag="shop" value="supermarket"/>
		<filter minzoom="16" icon="emergency_phone" tag="emergency" value="phone"/>
		<filter minzoom="17" icon="vending_machine" tag="amenity" value="vending_machine"/>
		<filter minzoom="16" icon="shop_alcohol" tag="shop" value="alcohol"/>
		<filter minzoom="16" icon="shop_kiosk" tag="shop" value="kiosk"/>
		<filter minzoom="16" icon="shop_musical_instrument" tag="shop" value="musical_instrument"/>
		<filter minzoom="16" icon="optician" tag="shop" value="optician"/>
		<filter minzoom="16" icon="bureau_de_change" tag="amenity" value="bureau_de_change"/>
		<filter minzoom="16" icon="shop_video" tag="shop" value="video"/>
		<filter minzoom="16" icon="food_ice_cream" tag="amenity" value="ice_cream"/>
		<filter minzoom="16" icon="shop_confectionery" tag="shop" value="confectionery"/>
		<filter minzoom="16" icon="laundry" tag="shop" value="laundry"/>
		<filter minzoom="16" icon="shop_tobacco" tag="shop" value="tobacco"/>
		<filter minzoom="16" icon="shop_motorcycle" tag="shop" value="motorcycle"/>
		<filter minzoom="16" icon="shop_diy" tag="shop" value="hardware"/>
		<filter minzoom="16" icon="shop_copyshop" tag="shop" value="copyshop"/>
		<filter minzoom="16" icon="shop_greengrocer" tag="shop" value="greengrocer"/>
		<filter minzoom="16" icon="shop_mobile_phone" tag="shop" value="mobile_phone"/>

		<!-- Nature -->
			<filter nightMode="true" minzoom="11" icon="peak_night" tag="natural" value="peak"/>
		<filter minzoom="11" icon="peak" tag="natural" value="peak"/>
		<filter minzoom="15" icon="cave_entrance" tag="natural" value="cave_entrance"/>
		<filter minzoom="14" icon="spring" tag="natural" value="spring"/>
		<filter minzoom="16" maxzoom="16" icon="tree" tag="natural" value="tree"/>
			<filter minzoom="17" icon="tree2" tag="natural" value="tree"/>
		<filter minzoom="11" icon="volcano" tag="natural" value="volcano"/>

		<!-- Water -->
		<filter minzoom="15" icon="slipway" tag="leisure" value="slipway"/>
		<filter minzoom="15" icon="lock_gate" tag="waterway" value="lock_gate"/>
		<filter minzoom="15" icon="lock_gate" tag="waterway" value="lock"/>

		<!-- Outdoor, tourism, leisure -->
		<filter minzoom="14" icon="camp_site" tag="tourism" value="camp_site"/>
		<filter minzoom="14" icon="caravan_park" tag="tourism" value="caravan_site"/>
		<filter minzoom="14" icon="picnic_site" tag="tourism" value="picnic_site"/>
		<filter minzoom="13" icon="alpine_hut" tag="tourism" value="alpine_hut"/>
		<filter minzoom="16" icon="chalet" tag="tourism" value="chalet"/>
		<filter minzoom="16" icon="guest_house" tag="tourism" value="guest_house"/>
		<filter minzoom="16" icon="hostel" tag="tourism" value="hostel"/>
		<filter minzoom="16" icon="hotel" tag="tourism" value="hotel"/>
		<filter minzoom="16" icon="motel" tag="tourism" value="motel"/>
		<filter minzoom="16" icon="museum" tag="tourism" value="museum"/>
		<filter minzoom="15" icon="information" tag="tourism" value="information"/>
		<filter minzoom="16" icon="viewpoint" tag="tourism" value="viewpoint"/>
		<filter minzoom="16" icon="geocache_found" tag="geocache" value="found"/>
		<filter minzoom="16" icon="geocache_not_found" tag="geocache" value=""/>
		<filter minzoom="15" icon="leisure_water_park" tag="leisure" value="water_park"/>
		<filter minzoom="15" icon="horse_racing" tag="sport" value="horse_racing"/>
		<filter minzoom="16" icon="sport_soccer" tag="sport" value="soccer"/>
		<filter minzoom="16" icon="sport_archery" tag="sport" value="archery"/>
		<filter minzoom="16" icon="sport_baseball" tag="sport" value="baseball"/>
		<filter minzoom="15" icon="leisure_stadium" tag="sport" value="stadium"/>
		<filter minzoom="16" icon="sport_canoe" tag="sport" value="canoe"/>
		<filter minzoom="16" icon="sport_tennis" tag="sport" value="tennis"/>
		<filter minzoom="16" icon="sport_shooting" tag="sport" value="shooting"/>
		<filter minzoom="15" icon="sport_golf" tag="sport" value="golf"/>
		<filter minzoom="15" icon="leisure_water_park" tag="sport" value="swimming"/>
		<filter minzoom="15" icon="sport_ski" tag="sport" value="skiing"/>
		<filter minzoom="16" icon="sport_diving" tag="sport" value="diving"/>
		<filter minzoom="16" icon="sport_scuba_diving" tag="sport" value="scuba_diving"/>
		<filter minzoom="15" icon="theme_park" tag="tourism" value="theme_park"/>
		<filter minzoom="17" icon="amenity_bench" tag="amenity" value="bench"/>
		<filter minzoom="15" icon="leisure_sports_centre" tag="leisure" value="sports_centre"/>
		<filter minzoom="16" icon="bird_hide" tag="leisure" value="bird_hide"/>

		<!-- Railway -->
		<filter minzoom="12" maxzoom="12" icon="halt" tag="railway" value="station"/>
			<filter minzoom="13" maxzoom="14" icon="station_small" tag="railway" value="station"/>
			<filter minzoom="15" icon="station" tag="railway" value="station"/>
		<filter minzoom="13" maxzoom="14" icon="halt" tag="railway" value="halt"/>
			<filter minzoom="15" icon="station_small" tag="railway" value="halt"/>
		<filter minzoom="14" maxzoom="14" icon="halt" tag="railway" value="tram_stop"/>
			<filter minzoom="15" icon="station_small" tag="railway" value="tram_stop"/>
		<filter minzoom="15" maxzoom="15" icon="level_crossing" tag="railway" value="level_crossing"/>
			<filter minzoom="16" icon="level_crossing2" tag="railway" value="level_crossing"/>
		<filter minzoom="16" icon="subway_entrance" tag="railway" value="subway_entrance"/>

		<filter minzoom="13" maxzoom="14" icon="halt" tag="aerialway" value="station"/>
			<filter minzoom="15" icon="station_small" tag="aerialway" value="station"/>

		<!-- Aeroway -->
		<filter minzoom="15" icon="helipad" tag="aeroway" value="helipad"/>
		<filter minzoom="10" icon="aerodrome" tag="aeroway" value="aerodrome"/>
		<filter minzoom="9" icon="airport" tag="aeroway" value="airport"/>
	</point>


	<!-- PRIORITY Input to filter : tag, value, zoom [minzoom, maxzoom] -->
	<polygon>
		<!-- Polygon highways -->
		<group>
			<filter tag="highway" value="road"/>
			<filter tag="highway" value="unclassified"/>
			<filter tag="highway" value="residential"/>
			<groupFilter color="#ffffff" color_2="#bababa" minzoom="12" strokeWidth_2="1">
				<filter nightMode="true" color="#9f9f9f"/>
			</groupFilter>
		</group>

		<group>
			<filter tag="highway" value="service"/>
			<filter tag="highway" value="pedestrian"/>
			<filter tag="highway" value="footway"/>
			<groupFilter>
				<filter minzoom="14" color="#ECECEC" color_2="#bababa" strokeWidth_2="0.5"/>
				<filter test="$hmRendered" minzoom="13" color="#ECECEC" color_2="#bababa" strokeWidth_2="0.5"/>
			</groupFilter>
		</group>

	    <!-- for 'no polygons' -->
	    <group>
		<!-- Polygon railway -->
		<filter minzoom="11" tag="railway" value="station" color="#d4aaaa">
			<filter nightMode="true" color="#560000"/>
		</filter>
		<filter minzoom="11" tag="public_transport" value="station" color="#d4aaaa">
			<filter nightMode="true" color="#560000"/>
		</filter>
		<filter minzoom="15" tag="public_transport" value="platform" color="#bababa">
			<filter nightMode="true" color="#560000"/>
		</filter>
		<filter minzoom="15" tag="railway" value="platform" color="#bababa">
			<filter nightMode="true" color="#560000"/>
		</filter>


		<!-- Polygon waterways -->
		<group>
			<filter minzoom="8" tag="waterway" value="riverbank"/>
			<filter minzoom="10" tag="waterway" value="canal"/>
			<filter minzoom="10" tag="waterway" value="dock"/>
			<filter minzoom="10" tag="waterway" value="mill_pond"/>
			<groupFilter color="#b5d0d0">
				<filter nightMode="true" color="#330099"/>
			</groupFilter>
		</group>


		<!-- Aeroway -->
		<group>
			<filter minzoom="12" tag="aeroway" value="aerodrome"/>
			<filter minzoom="12" tag="aeroway" value="airport"/>
			<groupFilter color="#80cccccc"/>
		</group>
		<filter minzoom="14" tag="aeroway" value="terminal" color="#cc99ff">
			<filter nightMode="true" color="#560000"/>
		</filter>
		<filter minzoom="13" tag="aeroway" value="apron" color="#e9d1ff">
			<filter nightMode="true" color="#bababa"/>
		</filter>


		<!-- Water, night color 330099 -->
		<group>
			<filter minzoom="1" tag="natural" value="coastline" color_2="#2Aff7c00" strokeWidth_2="1"/>
			<filter minzoom="4" tag="natural" value="water"/>
			<filter minzoom="4" tag="natural" value="lake"/>
			<filter minzoom="4" tag="natural" value="bay"/>
			<filter minzoom="7" tag="landuse" value="reservoir"/>
			<filter minzoom="7" tag="landuse" value="water"/>	
			<filter minzoom="10" tag="landuse" value="basin"/>
			<filter minzoom="15" tag="leisure" value="swimming_pool" color_2="#7479ec" strokeWidth_2="1"/>
			<groupFilter color="#b5d0d0">
				<filter nightMode="true" color="#330099"/>
			</groupFilter>
		</group>


		<group>
		 	<filter nightMode="true" tag="natural" value="land" color="#003333"/>
			<filter tag="natural" value="land" color="#f1eae4"/>
	 	</group>


		<!-- Forest, night color 000034 -->
		<group>
			<filter minzoom="9" color="#aed1a0" tag="natural" value="wood"/>
			<filter minzoom="9" color="#aed1a0" tag="landuse" value="wood"/>
			<filter minzoom="9" maxzoom="12" color="#8dc56c" tag="landuse" value="forest"/>
				<filter minzoom="13" shader="forest" color="#8dc56c" tag="landuse" value="forest"/>
			<groupFilter nightMode="true" color="#000034" shader=""/>
		</group>


		<!-- Open nature, night color 004333 -->
		<group>
			<filter minzoom="12" color="#ffffc0" tag="natural" value="heath"/>
			<filter minzoom="12" color="#f6e3c7" tag="landuse" value="farm"/>
			 <!-- field is unofficial -->
			 <filter minzoom="12" color="#f6e3c7" tag="landuse" value="field"/>
			<filter minzoom="12" color="#f6e3c7" tag="landuse" value="farmland"/>
			<filter minzoom="12" color="#ddbf92" tag="landuse" value="farmyard"/>
			<filter minzoom="12" color="#9d9d6c" tag="landuse" value="greenfield"/>
			<filter minzoom="12" color="#cfeca8" tag="landuse" value="grass"/>
			<filter minzoom="12" color="#cfeca8" tag="landuse" value="meadow"/>
			<filter minzoom="12" color="#9d9d6c" tag="landuse" value="brownfield"/>
			<filter minzoom="12" color="#cfeca8" tag="landuse" value="recreation_ground"/>
			<filter minzoom="10" color="#cfeca8" tag="landuse" value="conservation"/>
			<filter minzoom="12" color="#cfeca8" tag="landuse" value="village_green"/>
			<filter minzoom="12" color="#b0b6fdb6" color_2="#9DB487" strokeWidth_2="1" tag="natural" value="park"/>
			<filter minzoom="12" color="#b0b6fdb6" color_2="#9DB487" strokeWidth_2="1" tag="leisure" value="park"/>
			<filter minzoom="12" color="#b5e3b5" color_2="#9DB487" strokeWidth_2="1" tag="leisure" value="golf_course"/>
			<filter minzoom="12" color="#74dcba" color_2="#888888" strokeWidth_2="1" tag="leisure" value="track"/>
			<filter minzoom="12" color="#8ad3af" color_2="#888888" strokeWidth_2="1" tag="leisure" value="pitch"/>
			<filter minzoom="12" color="#b0b6fdb6" tag="leisure" value="recreation_ground"/>
			<filter minzoom="15" color="#ccfff1" tag="leisure" value="playground"/>
			<filter minzoom="12" color="#cfeca8" tag="leisure" value="garden"/>
			<filter minzoom="12" color="#cfeca8" tag="leisure" value="common"/>
			<groupFilter nightMode="true" color="#004333"/>
		</group>


		<!-- Built-up areas, night color 66004B -->
		<group>
			<filter test="$hmRendered" minzoom="10" color="#dfd1d6" tag="landuse" value="industrial"/>
			<filter minzoom="11" color="#dfd1d6" tag="landuse" value="industrial"/>
			<filter minzoom="12" color="#dfd1d6" tag="landuse" value="railway"/>
			<filter minzoom="12" color="#9d9d6c" tag="landuse" value="landfill"/>
			<filter test="$hmRendered" minzoom="10" color="#efc8c8" tag="landuse" value="commercial"/>
			<filter minzoom="12" color="#efc8c8" tag="landuse" value="commercial"/>
			<filter minzoom="12" color="#ffffff" color_2="#ff6600" strokeWidth_2="2" tag="landuse" value="construction"/>
			<filter minzoom="10" color="#CDCDCD" tag="landuse" value="residential"/>
			<filter minzoom="15" color="#f0f0d8" color_2="#d4a89e" strokeWidth_2="1" tag="amenity" value="kindergarten"/>
			<filter minzoom="15" color="#f0f0d8" color_2="#d4a89e" strokeWidth_2="1" tag="amenity" value="school"/>
			<filter minzoom="15" color="#f0f0d8" color_2="#d4a89e" strokeWidth_2="1" tag="amenity" value="college"/>
			<filter minzoom="15" color="#f0f0d8" color_2="#d4a89e" strokeWidth_2="1" tag="amenity" value="university"/>
			<filter minzoom="15" color="#f6eeb7" tag="amenity" value="bicycle_parking"/>
			<filter minzoom="15" color="#f6eeb7" tag="amenity" value="parking"/>
			<filter minzoom="16" color="#bca9a9" tag="amenity" value="library"/>
			<filter minzoom="15" color="#f0f0d8" color_2="#d4a89e" strokeWidth_2="1" tag="amenity" value="hospital"/>
			<filter minzoom="15" color="#cc9999" tag="amenity" value="cinema"/>								
			<filter minzoom="10" color="#bde3cb" tag="landuse" value="allotments"/>
			<filter minzoom="12" color="#feeaea" tag="landuse" value="retail"/>
			<!-- Tourism -->
			<filter minzoom="13" color="#f2caea" tag="tourism" value="attraction"/>
			<filter minzoom="15" color="#f2caea" tag="amenity" value="place_of_worship"/>
			<filter minzoom="12" maxzoom="15" color="#f2caea" color_2="#734a08" strokeWidth_2="1" pathEffect_2="9_3" tag="tourism" value="theme_park"/>
				<filter minzoom="16" color="#f2caea" color_2="#734a08" strokeWidth_2="2" pathEffect_2="9_3" tag="tourism" value="theme_park"/>
			<filter minzoom="13" color="#a0ccff99" tag="tourism" value="camp_site"/>
			<filter minzoom="13" color="#a0ccff99" tag="tourism" value="caravan_site"/>
			<filter minzoom="13" color="#a0ccff99" tag="tourism" value="picnic_site"/>
			<groupFilter nightMode="true" color="#66004B"/>
		</group>


		<!-- Buildings, night color 560000 -->
		<group>
			<filter minzoom="16" color="#bca9a9" tag="building" value=""/>
			<filter minzoom="16" color="#dddddd" tag="building" value="garages"/>
			<filter minzoom="13" color="#bbbbbb" tag="power" value="station"/>
			<filter minzoom="13" color="#bbbbbb" tag="power" value="sub_station"/>
			<filter minzoom="13" color="#33cc99" tag="leisure" value="stadium"/>
			<filter minzoom="13" color="#33cc99" tag="leisure" value="sports_centre"/>
			<filter minzoom="14" color="#dfd1d6" tag="landuse" value="garages"/>
			<filter minzoom="12" color="#ff8f8f" tag="military" value="barracks"/>
			<filter minzoom="10" color="#a0ffa8a8" tag="landuse" value="military"/>
			<groupFilter nightMode="true" color="#560000"/>
		</group>


		<!-- Special nature, with shaders, often night color unchanged -->
		<!-- Looks like shaders are not working without color statement, hence color="#100000" introduced for now where missing -->
		<filter minzoom="11" shader="beach" color="#100000" tag="natural" value="beach"/>
		<group>
			<filter minzoom="10" shader="marsh" color="#100000" tag="natural" value="wetland"/>
			<filter minzoom="12" shader="marsh" color="#100000" tag="natural" value="marsh"/>
			<filter minzoom="12" shader="mud" color="#100000" tag="natural" value="mud"/>
			<filter minzoom="12" shader="scrub" color="#100000" tag="natural" value="scrub"/>
			<filter minzoom="12" shader="orchard" color="#100000" tag="landuse" value="orchard"/>
			<filter minzoom="12" shader="vineyard" color="#abdf96" tag="landuse" value="vineyard"/>	
			<groupFilter nightMode="true" shader="" color="#114433"/>
		</group>
		
		<filter minzoom="9" shader="nr2" color="#abdf96" color_2="#66cc33" strokeWidth_2="1" tag="leisure" value="nature_reserve"/>
			<filter nightMode="true" minzoom="9" shader="glacier" color="#100000" color_2="#497CAF" strokeWidth_2="2" tag="natural" value="glacier"/>
		<filter minzoom="9" shader="glacier" color="#100000" color_2="#99ccff" strokeWidth_2="2" tag="natural" value="glacier"/>
		<filter minzoom="12" shader="grave_yard" color="#aacbaf" tag="landuse" value="cemetery"/>
		<filter minzoom="12" shader="grave_yard" color="#aacbaf" tag="amenity" value="grave_yard"/>
		<filter minzoom="12" shader="zoo" color="#100000" tag="tourism" value="zoo"/>
		<filter minzoom="12" shader="quarry2" color="#100000" tag="landuse" value="quarry"/>
		<filter minzoom="10" shader="danger" color="#100000" tag="military" value="danger_area"/>
	    <groupFilter noPolygons="true" color="#00ffffff" color_2="#00ffffff" shader=""/>
	    </group>
	</polygon>


	<line>
		<filter minzoom="1" tag="natural" value="coastline_broken" color="#111111" strokeWidth="1"/>
		<filter minzoom="11" tag="natural" value="coastline_line" color="#cc999999" strokeWidth="1"/>

		<group>
			<filter tag="highway" value="motorway" maxzoom="13" color="$motorwayRoadColor"/>
			<filter tag="highway" value="motorway_link" maxzoom="13" color="$motorwayRoadColor"/>
			<filter tag="highway" value="trunk" maxzoom="13" color="$trunkRoadColor"/>
			<filter tag="highway" value="trunk_link" maxzoom="13" color="$trunkRoadColor"/>
			<groupFilter shadowRadius="1" cap="ROUND">
				<filter minzoom="5" maxzoom="9" strokeWidth="5"/>
				<filter minzoom="10" maxzoom="10" strokeWidth="6"/>
				<filter minzoom="11" maxzoom="11" strokeWidth="7"/>
				<filter minzoom="12" maxzoom="12" strokeWidth="8"/>
				<filter minzoom="13" maxzoom="13" strokeWidth="9"/>
			</groupFilter>
		</group>

		<group>
			<filter tag="highway" value="primary" maxzoom="13" color="$primaryRoadColor"/>
			<filter tag="highway" value="primary_link" maxzoom="13" color="$primaryRoadColor"/>
			<groupFilter shadowRadius="1" cap="ROUND">
				<filter minzoom="7" maxzoom="9" strokeWidth="4"/>
				<filter minzoom="10" maxzoom="10" strokeWidth="5"/>
				<filter minzoom="11" maxzoom="11" strokeWidth="6"/>
				<filter minzoom="12" maxzoom="12" strokeWidth="7"/>
				<filter minzoom="13" maxzoom="13" strokeWidth="8"/>
			</groupFilter>
		</group>

		<group>
			<filter tag="highway" value="secondary" maxzoom="13" color="$secondaryRoadColor"/>
			<filter tag="highway" value="secondary_link" maxzoom="13" color="$secondaryRoadColor"/>
			<groupFilter shadowRadius="1" cap="ROUND">
				<!-- Too many in Europe? Use only with hmRendered for now -->
				<filter test="$hmRendered" minzoom="9" maxzoom="9" strokeWidth="3"/>
				<filter minzoom="10" maxzoom="10" strokeWidth="4"/>
				<filter minzoom="11" maxzoom="11" strokeWidth="5"/>
				<filter minzoom="12" maxzoom="12" strokeWidth="6"/>
				<filter minzoom="13" maxzoom="13" strokeWidth="7"/>
			</groupFilter>
		</group>

		<group>
			<filter tag="highway" value="motorway" color="$motorwayRoadColor"/>
			<filter tag="highway" value="motorway_link" color="$motorwayRoadColor"/>
			<filter tag="highway" value="trunk" color="$trunkRoadColor"/>
			<filter tag="highway" value="trunk_link" color="$trunkRoadColor"/>
			<filter tag="highway" value="primary" color="$primaryRoadColor"/>
			<filter tag="highway" value="primary_link" color="$primaryRoadColor"/>
			<filter tag="highway" value="secondary" color="$secondaryRoadColor"/>
			<filter tag="highway" value="secondary_link" color="$secondaryRoadColor"/>
			<groupFilter shadowRadius="1" cap="ROUND">
				<filter>
					<filter minzoom="14" maxzoom="14" strokeWidth="10"/>
					<filter minzoom="15" maxzoom="15" strokeWidth="12"/>
					<filter minzoom="16" maxzoom="16" strokeWidth="15"/>
					<filter minzoom="17" maxzoom="17" strokeWidth="19"/>
					<filter minzoom="18" strokeWidth="24"/>
				</filter>
				<groupFilter layer="-1" pathEffect="4_4" cap="BUTT"/>
				<!-- Bridges -->
				<groupFilter layer="1" color_0="#000000" shadowRadius="0" cap="SQUARE" cap_0="BUTT">
					<filter minzoom="14" maxzoom="14" strokeWidth_0="12"/>
					<filter minzoom="15" maxzoom="15" strokeWidth_0="14"/>
					<filter minzoom="16" maxzoom="16" strokeWidth_0="17"/>
					<filter minzoom="17" maxzoom="17" strokeWidth_0="21"/>
					<filter minzoom="18" strokeWidth_0="26"/>
					<groupFilter nightMode="true" color_0="#ffffff"/>
				</groupFilter>
			</groupFilter>
		</group>

		<group>
			<filter tag="highway" value="tertiary" color="$tertiaryRoadColor"/>
			<filter tag="highway" value="tertiary_link" color="$tertiaryRoadColor"/>
			<groupFilter shadowRadius="1" cap="ROUND">
				<!-- Too many in Europe? Use only with hmRendered for now -->
				<filter test="$hmRendered" minzoom="10" maxzoom="10" strokeWidth="3"/>
				<filter minzoom="11" maxzoom="11" strokeWidth="4"/>
				<filter minzoom="12" maxzoom="12" strokeWidth="5"/>
				<filter minzoom="13" maxzoom="13" strokeWidth="6"/>
				<filter color_0="#000000">
					<filter minzoom="14" maxzoom="14" strokeWidth="6"/>
					<filter minzoom="15" maxzoom="15" strokeWidth="8"/>
					<filter minzoom="16" maxzoom="16" strokeWidth="10"/>
					<filter minzoom="17" maxzoom="17" strokeWidth="13"/>
					<filter minzoom="18" strokeWidth="18"/>
					<groupFilter layer="-1" pathEffect="4_4" cap="BUTT"/>
					<!-- Bridges --> 
					<groupFilter layer="1" shadowRadius="0" cap="SQUARE" cap_0="BUTT">
						<filter minzoom="14" maxzoom="14" strokeWidth_0="8"/>
						<filter minzoom="15" maxzoom="15" strokeWidth_0="10"/>
						<filter minzoom="16" maxzoom="16" strokeWidth_0="12"/>
						<filter minzoom="17" maxzoom="17" strokeWidth_0="15"/>
						<filter minzoom="18" strokeWidth_0="20"/>
						<groupFilter nightMode="true" color_0="#ffffff"/>
			 		</groupFilter>
				</filter>
			</groupFilter>
		</group>

		<group>
			<filter tag="highway" value="road"/>
			<filter tag="highway" value="unclassified"/>
			<filter tag="highway" value="residential"/>
			<groupFilter color="#ffffff" shadowRadius="1" cap="ROUND">
				<filter test="$hmRendered" minzoom="12" maxzoom="12" strokeWidth="3"/>
				<filter test="$hmRendered" minzoom="13" maxzoom="13" strokeWidth="4"/> 
				<filter minzoom="13" maxzoom="13" strokeWidth="2" shadowRadius="0"/>
				<filter color_0="#000000">
					<filter test="$hmRendered" minzoom="14" maxzoom="14" strokeWidth="6"/>
					<filter minzoom="14" maxzoom="14" strokeWidth="3" shadowRadius="0"/>
					<filter minzoom="15" maxzoom="15" strokeWidth="8"/>
					<filter minzoom="16" maxzoom="16" strokeWidth="10"/>
					<filter minzoom="17" maxzoom="17" strokeWidth="13"/>
					<filter minzoom="18" strokeWidth="18"/>
					<groupFilter layer="-1" pathEffect="4_4" cap="BUTT"/>
					<!-- Bridges --> 
					<groupFilter layer="1" shadowRadius="0" cap="SQUARE" cap_0="BUTT">
						<filter test="$hmRendered" minzoom="14" maxzoom="14" strokeWidth_0="8"/>
						<filter minzoom="14" maxzoom="14" strokeWidth_0="5"/>
						<filter minzoom="15" maxzoom="15" strokeWidth_0="10"/>
						<filter minzoom="16" maxzoom="16" strokeWidth_0="12"/>
						<filter minzoom="17" maxzoom="17" strokeWidth_0="15"/>
						<filter minzoom="18" strokeWidth_0="20"/>
						<groupFilter nightMode="true" color_0="#ffffff"/>
				 	</groupFilter>
				</filter>
				<groupFilter nightMode="true" color="#9F9F9F"/>
				<groupFilter minzoom="15" additional="access=no" color_3="#F7D4D4" strokeWidth_3="5" pathEffect_3="10_3"/> 
				<groupFilter minzoom="15" additional="access=private" color_3="#F7D4D4" strokeWidth_3="5" pathEffect_3="10_3"/>
			</groupFilter>
		</group>

		<group>
			<filter tag="highway" value="service"/>
			<filter tag="highway" value="living_street"/>
			<filter tag="highway" value="pedestrian"/>
			<groupFilter color="#ececec" shadowRadius="1" cap="ROUND">
				<filter test="$hmRendered" minzoom="13" maxzoom="13" strokeWidth="2"/>
				<filter color_0="#000000">
					<filter test="$hmRendered" minzoom="14" maxzoom="14" strokeWidth="3"/>
					<filter minzoom="15" maxzoom="15" strokeWidth="4"/>
					<filter minzoom="16" maxzoom="16" strokeWidth="5"/>
					<filter minzoom="17" maxzoom="17" strokeWidth="8"/>
					<filter minzoom="18" strokeWidth="11"/>
					<groupFilter layer="-1" pathEffect="4_4" cap="BUTT"/>
					<!-- Bridges --> 
					<groupFilter layer="1" shadowRadius="0" cap="SQUARE" cap_0="BUTT">
						<filter test="$hmRendered" minzoom="14" maxzoom="14" strokeWidth_0="5"/>
						<filter minzoom="15" maxzoom="15" strokeWidth_0="6"/>
						<filter minzoom="16" maxzoom="16" strokeWidth_0="7"/>
						<filter minzoom="17" maxzoom="17" strokeWidth_0="10"/>
						<filter minzoom="18" strokeWidth_0="13"/>
						<groupFilter nightMode="true" color_0="#ffffff"/>
			 		</groupFilter>
				</filter>
				<groupFilter minzoom="15" additional="access=no" color_3="#F7D4D4" strokeWidth_3="3" pathEffect_3="10_3"/> 
				<groupFilter minzoom="15" additional="access=private" color_3="#F7D4D4" strokeWidth_3="3" pathEffect_3="10_3"/>
			</groupFilter>
		</group>

		<!-- Next segment: Highways without grade distinction (cycleway, bridleway, black path): pathEffect 4_2. Base setting for highways with possible grade distinction but none specified (track, byway, red footway): 5_5 -->
		<group>
			<filter tag="highway" value="track" color="#996600" pathEffect="4_2">
				<filter appMode="pedestrian" test="$hmRendered" minzoom="14" strokeWidth="2"/>
				<filter appMode="pedestrian" minzoom="15" strokeWidth="2"/>
				<filter test="$hmRendered" minzoom="12" maxzoom="12" strokeWidth="0.5"/>
				<filter test="$hmRendered" minzoom="13" strokeWidth="1"/>
				<filter minzoom="14" strokeWidth="1"/>
				<groupFilter>
					<!-- Dash pattern: solid(100%), long-dashed(77%), short-dashed(63%), dash-dotted(50%), dotted(50%), dotted2(40%), short-dashed-narrow-spaced(66%) for not-specified -->
					<filter additional="tracktype=grade1" pathEffect=""/>
					<filter additional="tracktype=grade2" pathEffect="10_3"/>
					<filter additional="tracktype=grade3" pathEffect="5_3"/>
					<filter additional="tracktype=grade4" pathEffect="4_3_2_3"/>
					<filter additional="tracktype=grade5" pathEffect="2_3"/>
				</groupFilter>
			</filter>

			<!-- byway is deprecated tag, describes UK-only road. Proper tag should be highway=track or highway=path -->
			<filter tag="highway" value="byway" color="#996600" pathEffect="5_5">
				<filter appMode="pedestrian" test="$hmRendered" minzoom="14" strokeWidth="2"/>
				<filter appMode="pedestrian" minzoom="15" strokeWidth="2"/>
				<filter appMode="bicycle" minzoom="14" strokeWidth="2"/>
				<filter test="$hmRendered" minzoom="12" maxzoom="12" strokeWidth="0.5"/>
				<filter test="$hmRendered" minzoom="13" strokeWidth="1"/>
				<filter minzoom="14" strokeWidth="1"/>
			</filter>

			<filter tag="highway" value="path" color="#000000" pathEffect="4_2">
				<filter appMode="pedestrian" test="$hmRendered" minzoom="14" strokeWidth="2"/>
				<filter appMode="pedestrian" minzoom="15" strokeWidth="2"/>
				<filter test="$hmRendered" minzoom="12" maxzoom="12" strokeWidth="0.5"/>
				<filter test="$hmRendered" minzoom="13" strokeWidth="1"/>
				<filter minzoom="14" strokeWidth="1"/>
				<groupFilter>
					<!-- Dash pattern: solid(100%), long-dashed(77%), short-dashed(63%), dash-dotted(50%), dotted(50%), dotted2(40%), short-dashed-narrow-spaced(66%) for not-specified -->
					<!-- Also: switch color to 'pedestrian-red' to better indicate these special ratings in line with many alpine maps -->
					<filter additional="sac_scale=hiking" color="#fa5073" pathEffect=""/>
					<filter additional="sac_scale=mountain_hiking" color="#fa5073" pathEffect="10_3"/>
					<filter additional="sac_scale=demanding_mountain_hiking" color="#fa5073" pathEffect="5_3"/>
					<filter additional="sac_scale=alpine_hiking" color="#fa5073" pathEffect="4_3_2_3"/>
					<filter additional="sac_scale=demanding_alpine_hiking" color="#fa5073" pathEffect="3_3"/>
					<filter additional="sac_scale=difficult_alpine_hiking" color="#fa5073" pathEffect="2_3"/>
					<filter nightMode="true" color="#787878"/> 
				</groupFilter>
			</filter>

			<filter tag="highway" value="cycleway" color="#0000ff" pathEffect="4_2">
				<filter appMode="bicycle" minzoom="14" strokeWidth="2"/>
				<filter appMode="pedestrian" test="$hmRendered" minzoom="14" strokeWidth="2"/>
				<filter test="$hmRendered" minzoom="12" maxzoom="12" strokeWidth="0.5"/>
				<filter test="$hmRendered" minzoom="13" strokeWidth="1"/>
				<filter minzoom="14" strokeWidth="1"/>
			</filter>

			<filter tag="highway" value="footway" color="#fa5073" pathEffect="4_2">
				<filter appMode="pedestrian" test="$hmRendered" minzoom="14" strokeWidth="2"/>
				<filter appMode="pedestrian" minzoom="15" strokeWidth="2"/>
				<filter test="$hmRendered" minzoom="12" maxzoom="12" strokeWidth="0.5"/>
				<filter test="$hmRendered" minzoom="13" strokeWidth="1"/>
				<filter minzoom="16" strokeWidth="1"/>
			</filter>

			<filter tag="highway" value="steps" color="#fa5073" pathEffect="1_2">
				<filter appMode="pedestrian" test="$hmRendered" minzoom="14" strokeWidth="4" pathEffect="2_2"/>
				<filter appMode="pedestrian" minzoom="15" strokeWidth="4" pathEffect="2_2"/>
				<filter test="$hmRendered" minzoom="14" strokeWidth="4"/>
				<filter minzoom="16" strokeWidth="4"/>
			</filter>

			<filter tag="highway" value="bridleway" color="#339900" pathEffect="4_2">
				<filter appMode="pedestrian" test="$hmRendered" minzoom="14" strokeWidth="2"/>
				<filter appMode="pedestrian" minzoom="15" strokeWidth="2"/>
				<filter test="$hmRendered" minzoom="12" maxzoom="12" strokeWidth="0.5"/>
				<filter test="$hmRendered" minzoom="13" strokeWidth="1"/>
				<filter minzoom="16" strokeWidth="1"/>
			</filter>

			<!-- Bridges -->
			<groupFilter layer="1">
				<filter nightMode="true" minzoom="14" color__1="#ffffff" strokeWidth__1="6.5" color_0="#000000" strokeWidth_0="5"/>
				<filter minzoom="14" color__1="#000000" strokeWidth__1="6.5" color_0="#ffffff" strokeWidth_0="5"/>
			</groupFilter>
			<!-- Tunnels -->
			<groupFilter layer="-1">
				<filter nightMode="true" minzoom="14" color__1="#ffffff" strokeWidth__1="6.5" pathEffect__1="3_3" color_0="#000000" strokeWidth_0="5"/>
				<filter minzoom="14" color__1="#000000" strokeWidth__1="6.5" pathEffect__1="3_3" color_0="#ffffff" strokeWidth_0="5"/>
			</groupFilter>
		</group>

		<group>
			<filter tag="cycleway" value="lane"/>
			<filter tag="cycleway" value="track"/>
			<filter tag="cycleway" value="opposite_lane"/>
			<groupFilter appMode="bicycle" minzoom="14" color="#0000ff" strokeWidth="2" pathEffect="8_4"/>
		</group>
		
		<filter tag="highway" value="services" minzoom="14" color="#000000" strokeWidth="2"/>

		<filter tag="highway" value="ford" minzoom="14" color="#000000" strokeWidth="2"/>

		<filter tag="highway" value="construction" minzoom="12" color="#ff6600" strokeWidth="8" color_2="#ffffff" strokeWidth_2="6" pathEffect_2="6_6"/>

		<filter tag="highway" value="proposed" minzoom="12" color="#ff6600" strokeWidth="8" color_2="#9f9f9f" strokeWidth_2="6" pathEffect_2="9_3"/>

		<filter contourLines="11" tag="contour" value="elevation" minzoom="11" color="#2Aff7c00" strokeWidth="1">
			<groupFilter>
				<filter additional="contourtype=10m" minzoom="16" color="#2Aff7c00" strokeWidth="1"/>
				<filter additional="contourtype=20m" minzoom="11" color="#2Aff7c00" strokeWidth="1"/>
				<filter additional="contourtype=50m" minzoom="16" color="#2AEA7300" strokeWidth="1.5"/>
				<filter additional="contourtype=100m" minzoom="11" color="#2AEA7300" strokeWidth="2"/>
			</groupFilter>
		</filter>
		<filter contourLines="12" tag="contour" value="elevation" minzoom="12" color="#2Aff7c00" strokeWidth="1">
			<groupFilter>
				<filter additional="contourtype=10m" minzoom="16" color="#2Aff7c00" strokeWidth="1"/>
				<filter additional="contourtype=20m" minzoom="12" color="#2Aff7c00" strokeWidth="1"/>
				<filter additional="contourtype=50m" minzoom="16" color="#2AEA7300" strokeWidth="1.5"/>
				<filter additional="contourtype=100m" minzoom="12" color="#2AEA7300" strokeWidth="2"/>
			</groupFilter>
		</filter>
		<filter contourLines="13" tag="contour" value="elevation" minzoom="13" color="#2Aff7c00" strokeWidth="1">
			<groupFilter>
				<filter additional="contourtype=10m" minzoom="16" color="#2Aff7c00" strokeWidth="1"/>
				<filter additional="contourtype=20m" minzoom="13" color="#2Aff7c00" strokeWidth="1"/>
				<filter additional="contourtype=50m" minzoom="16" color="#2AEA7300" strokeWidth="1.5"/>
				<filter additional="contourtype=100m" minzoom="13" color="#2AEA7300" strokeWidth="2"/>
			</groupFilter>
		</filter>

		<filter tag="route" value="ferry" minzoom="8" color="#7777FF" strokeWidth="2" pathEffect="6_3"/>

		<!-- Barriers -->
		<filter minzoom="16" color="#333333" strokeWidth="1" tag="highway" value="gate"/>
		<filter minzoom="16" color="#aed1a0" strokeWidth="3" tag="barrier" value="hedge"/>
		<filter minzoom="16" color="#333333" strokeWidth="1" tag="barrier" value="fence"/>
		<filter minzoom="16" color="#333333" strokeWidth="1" tag="barrier" value="wall"/>
		<filter minzoom="16" color="#b5d0d0" strokeWidth="3" tag="barrier" value="ditch"/>
		<filter minzoom="16" color="#333333" strokeWidth="1" tag="barrier" value="retaining_wall"/>
		<filter minzoom="14" maxzoom="14" color="#888888" strokeWidth="4" tag="barrier" value="city_wall"/>
			<filter minzoom="15" maxzoom="15" color="#888888" strokeWidth="6" tag="barrier" value="city_wall"/>
			<filter minzoom="16" color="#888888" strokeWidth="9" tag="barrier" value="city_wall"/>
		<filter minzoom="14" maxzoom="14" color="#888888" strokeWidth="4" tag="historic" value="city_walls"/>
			<filter minzoom="15" maxzoom="15" color="#888888" strokeWidth="6" tag="historic" value="city_walls"/>
			<filter minzoom="16" color="#888888" strokeWidth="9" tag="historic" value="city_walls"/>
		<filter minzoom="16" color="#333333" strokeWidth="1" tag="barrier" value="bollard"/>
		<filter minzoom="16" color="#333333" strokeWidth="1" tag="barrier" value="cycle_barrier"/>
		<filter minzoom="16" color="#333333" strokeWidth="1" tag="barrier" value="block"/>
		<filter minzoom="16" color="#333333" strokeWidth="1" tag="barrier" value="cattle_grid"/>
		<filter minzoom="16" color="#333333" strokeWidth="1" tag="barrier" value="toll_booth"/>
		<filter minzoom="16" color="#333333" strokeWidth="1" tag="barrier" value="entrance"/>
		<filter minzoom="16" color="#333333" strokeWidth="1" tag="barrier" value="gate"/>
		<filter minzoom="16" color="#333333" strokeWidth="1" tag="barrier" value="lift_gate"/>
		<filter minzoom="16" color="#333333" strokeWidth="1" tag="barrier" value="stile"/>
		<filter minzoom="16" color="#333333" strokeWidth="1" tag="barrier" value="horse_stile"/>
		<filter minzoom="16" color="#333333" strokeWidth="1" tag="barrier" value="kissing_gate"/>
		<filter minzoom="16" color="#333333" strokeWidth="1" tag="barrier" value="sally_port"/>
		<filter minzoom="16" color="#333333" strokeWidth="1" tag="barrier" value="turnstile"/>
		<filter minzoom="16" color="#333333" strokeWidth="1" tag="barrier" value="kent_carriage_gap"/>
		<filter minzoom="16" color="#aed1a0" strokeWidth="3" tag="natural" value="hedge"/>
		<filter minzoom="16" color="#333333" strokeWidth="1" tag="fenced" value="yes"/>

		<!-- Group of all Waterways with same color -->
		<group>
			<filter tag="waterway" value="stream" minzoom="12" strokeWidth="2">
				<filter layer="-1" strokeWidth="3" strokeWidth_2="1" pathEffect_2="4_2"/>
			</filter>
			<filter tag="waterway" value="dam" minzoom="13" strokeWidth="2"/>

			<group>
				<filter tag="waterway" value="river"/>
				<filter tag="waterway" value="canal"/>
				<groupFilter pathEffect_2="4_2">
					<filter minzoom="5" maxzoom="9" strokeWidth="1"/>
					<filter minzoom="10" maxzoom="12" strokeWidth="2"/>
					<filter layer="-1">
						<filter minzoom="13" maxzoom="13" strokeWidth="3" strokeWidth_2="1"/>
						<filter minzoom="14" maxzoom="14" strokeWidth="5" strokeWidth_2="3"/>
						<filter minzoom="15" maxzoom="16" strokeWidth="6" strokeWidth_2="4"/>
						<filter minzoom="17" maxzoom="17" strokeWidth="10" strokeWidth_2="8"/>
						<filter minzoom="18" strokeWidth="12" strokeWidth_2="10"/>
					</filter>
					<filter minzoom="13" maxzoom="13" strokeWidth="3"/>
					<filter minzoom="14" maxzoom="14" strokeWidth="5"/>
					<filter minzoom="15" maxzoom="16" strokeWidth="6"/>
					<filter minzoom="17" maxzoom="17" strokeWidth="10"/>
					<filter minzoom="18" strokeWidth="12"/>
				</groupFilter>
			</group>

			<group>
				<filter tag="waterway" value="ditch"/>
				<filter tag="waterway" value="drain"/>
				<groupFilter>
					<filter layer="-1" minzoom="15" strokeWidth="3" color_2="#ffffff" strokeWidth_2="1" pathEffect_2="4_2"/>
					<filter minzoom="13" maxzoom="14" strokeWidth="1"/>
					<filter minzoom="15" strokeWidth="3"/>
				</groupFilter>
			</group>
			<!-- Waterway color -->
			<groupFilter color="#b5d0d0" color_2="#ffffff">
				<filter nightMode="true" color="#330099" color_2="#7340D9"/>
			</groupFilter>
		</group>

		<filter tag="waterway" value="weir" minzoom="15" color="#aaaaaa" strokeWidth="2"/>

		<!-- Railways -->
		<filter tag="railway" value="rail" color="#999999">
			<filter layer="-1" minzoom="9" maxzoom="13" strokeWidth="2" pathEffect="5_2"/>
			<filter layer="-1" minzoom="14" strokeWidth="3" color_2="#ffffff" strokeWidth_2="3" pathEffect_2="4_4"/>
			<filter layer="1" minzoom="14" color="#000000" strokeWidth="5" color_2="#ffffff" strokeWidth_2="4" color_3="#999999" strokeWidth_3="1" pathEffect_3="12_8_1_0"/>
			<filter minzoom="7" maxzoom="7" strokeWidth="1"/>
			<filter minzoom="8" maxzoom="8" strokeWidth="1.5"/>
			<filter minzoom="9" maxzoom="12" strokeWidth="2"/>
			<filter minzoom="13" maxzoom="13" strokeWidth="3" color_2="#ffffff" strokeWidth_2="1" pathEffect_2="8_12"/>
			<filter minzoom="14" strokeWidth="3" color_2="#ffffff" strokeWidth_2="1" pathEffect_2="0_11_8_1"/>
		</filter>

		<filter tag="railway" value="tram" color="#444444">
			<filter layer="-1" minzoom="13" maxzoom="14" strokeWidth="1" pathEffect="5_3"/>
			<filter layer="-1" minzoom="15" strokeWidth="2" pathEffect="5_3"/>
			<filter minzoom="13" maxzoom="14" strokeWidth="1"/>
			<filter minzoom="15" strokeWidth="2"/>
		</filter>

		<filter layer="-1" tag="railway" value="subway" minzoom="13" color="#999999" strokeWidth="2" pathEffect="5_3"/>
		<filter tag="railway" value="subway" minzoom="13" color="#999999" strokeWidth="2"/>

		<filter layer="-1" tag="railway" value="light_rail" minzoom="13" color="#666666" strokeWidth="2" pathEffect="5_3"/>
		<filter tag="railway" value="light_rail" minzoom="13" color="#666666" strokeWidth="2"/>

		<group>
			<filter tag="railway" value="abandoned" minzoom="13"/>
			<filter tag="railway" value="disused" minzoom="13"/>
			<groupFilter>
				<filter layer="1" color="#000000" strokeWidth="4.5" color_2="#888888" strokeWidth_2="2" pathEffect_2="4_2"/>
				<filter color="#888888" strokeWidth="2" pathEffect="4_2"/>
			</groupFilter>
		</group>

		<filter tag="railway" value="preserved" minzoom="13" color="#999999" strokeWidth="3" color_2="#ffffff" strokeWidth_2="1" pathEffect_2="0_1_8_1"/>

		<filter layer="-1" tag="railway" value="narrow_gauge" minzoom="15" color="#666666" strokeWidth="5" color_2="#cccccc" strokeWidth_2="3" pathEffect="5_3"/>
		<filter tag="railway" value="narrow_gauge" minzoom="15" color="#666666" strokeWidth="2"/>

		<filter layer="1" tag="railway" value="construction" minzoom="13" color="#000000" strokeWidth="5" color_2="#999999" strokeWidth_2="4" color_3="#ff6600" strokeWidth_3="1" pathEffect_3="12_8_1_0"/>
		<filter tag="railway" value="construction" minzoom="13" color="#999999" strokeWidth="3" color_2="#ff6600" strokeWidth_2="1" pathEffect_2="8_12"/>

		<filter tag="railway" value="monorail" minzoom="15" color="#777777" strokeWidth="3" pathEffect="2_3"/>

		<filter layer="-1" tag="railway" value="funicular" minzoom="15" color="#666666" strokeWidth="5" pathEffect="5_3" color_2="#cccccc" strokeWidth_2="3"/>
		<filter tag="railway" value="funicular" minzoom="15" color="#666666" strokeWidth="2"/>

		<group>
			<filter tag="railway" value="platform"/>
			<filter tag="public_transport" value="platform"/>
			<groupFilter  color="#888888" strokeWidth="4" strokeWidth_2="2" color_2="#bababa" minzoom="16">
				<filter minzoom="18" strokeWidth="6" strokeWidth_2="4"/>
			</groupFilter>
		</group>

		<filter tag="aerialway" value="cable_car" minzoom="12" color="#bababa" strokeWidth="2"/>
		<filter tag="aerialway" value="gondola" minzoom="12" color="#bababa" strokeWidth="2"/>
		<filter tag="aerialway" value="chair_lift" minzoom="12" color="#bababa" strokeWidth="2"/>
		<filter tag="aerialway" value="mixed_lift" minzoom="12" color="#bababa" strokeWidth="2"/>
		<filter tag="aerialway" value="drag_lift" minzoom="12" color="#bababa" strokeWidth="2"/>

		<!-- Aeroway -->
		<filter tag="aeroway" value="runway" color="#bbbbcc">
			<filter layer="1" minzoom="13" maxzoom="13" color="#000000" strokeWidth="9" color_2="#bbbbcc" strokeWidth_2="7" cap_2="SQUARE"/>
			<filter layer="1" minzoom="14" maxzoom="14" color="#000000" strokeWidth="14" color_2="#bbbbcc" strokeWidth_2="12" cap_2="SQUARE"/>
			<filter layer="1" minzoom="15" color="#000000" strokeWidth="20" color_2="#bbbbcc" strokeWidth_2="18" cap_2="SQUARE"/>
			<filter minzoom="11" maxzoom="11" strokeWidth="2"/>
			<filter minzoom="12" maxzoom="12" strokeWidth="4"/>
			<filter minzoom="13" maxzoom="13" strokeWidth="7"/>
			<filter minzoom="14" maxzoom="14" strokeWidth="12"/>
			<filter minzoom="15" color="#bbbbcc" strokeWidth="18"/>
		</filter>

		<filter tag="aeroway" value="taxiway" color="#bbbbcc">
			<filter layer="1" minzoom="13" maxzoom="13" color="#000000" strokeWidth="3" color_2="#bbbbcc" strokeWidth_2="1" cap_2="SQUARE"/>
			<filter layer="1" minzoom="14" maxzoom="14" color="#000000" strokeWidth="6" color_2="#bbbbcc" strokeWidth_2="4" cap_2="SQUARE"/>
			<filter layer="1" minzoom="15" color="#000000" strokeWidth="8" color_2="#bbbbcc" strokeWidth_2="6" cap_2="SQUARE"/>
			<filter minzoom="12" maxzoom="13" strokeWidth="1"/>
			<filter minzoom="14" maxzoom="14" strokeWidth="4"/>
			<filter minzoom="15" color="#bbbbcc" strokeWidth="6"/>
		</filter>

		<!-- Man made -->
		<filter tag="power" value="line" minzoom="14" maxzoom="14" color="#bababa" strokeWidth="1"/>
			<filter tag="power" value="line" minzoom="15" color="#bababa" strokeWidth="2"/>
		<filter tag="power" value="minor_line" minzoom="14" color="#bababa" strokeWidth="1"/>

		<group>
			<filter tag="man_made" value="groyne"/>
			<filter tag="man_made" value="breakwater"/>
			<groupFilter>
				<filter minzoom="12" maxzoom="13" color="#aaaaaa" strokeWidth="1"/>
				<filter minzoom="14" maxzoom="15" color="#aaaaaa" strokeWidth="2"/>
				<filter minzoom="16" color="#aaaaaa" strokeWidth="4"/>
			</groupFilter>
		</group>

		<filter tag="man_made" value="pier" minzoom="12" maxzoom="13" color="#f2efe9" strokeWidth="1"/>
			<filter tag="man_made" value="pier" minzoom="14" maxzoom="15" color="#f2efe9" strokeWidth="3"/>
			<filter tag="man_made" value="pier" minzoom="16" color="#f2efe9" strokeWidth="6"/>

		<filter tag="leisure" value="track" minzoom="13" color="#888888" strokeWidth="1"/>

		<filter tag="leisure" value="marina" minzoom="13" maxzoom="15" color="#0000ff" strokeWidth="1" pathEffect="6_2"/>
			<filter tag="leisure" value="marina" minzoom="16" color="#0000ff" strokeWidth="2" pathEffect="6_2"/>

		<!-- Admin levels (boundaries) -->
		<group>
			<filter tag="admin_level" value="0"/>
			<filter tag="admin_level" value="1"/>
			<filter tag="admin_level" value="2"/>
			<filter tag="admin_level" value="3"/>
			<groupFilter color="#2A800080">
				<filter minzoom="2" maxzoom="3" strokeWidth="0.5"/>
				<filter minzoom="4" maxzoom="6" strokeWidth="1"/>
				<filter minzoom="7" maxzoom="9" strokeWidth="2.5"/>
				<filter minzoom="10" strokeWidth="4"/>
			</groupFilter>
		</group>

		<filter tag="admin_level" value="4" color="#2A800080" pathEffect="6_1">
			<filter minzoom="4" maxzoom="6" strokeWidth="0.6"/>
			<filter minzoom="7" maxzoom="9" strokeWidth="2"/>
			<filter minzoom="11" strokeWidth="3"/>
		</filter>

		<filter noAdminboundaries="false" tag="admin_level" value="5" minzoom="11" color="#2A800080" strokeWidth="3" pathEffect="6_3_2_3_2_3"/>
		<filter noAdminboundaries="false" tag="admin_level" value="6" minzoom="11" color="#2A800080" strokeWidth="3" pathEffect="6_3_2_3"/>
		<filter noAdminboundaries="false" tag="admin_level" value="7" minzoom="12" color="#2A800080" strokeWidth="3" pathEffect="5_1"/>
		<filter noAdminboundaries="false" tag="admin_level" value="8" minzoom="12" color="#2A800080" strokeWidth="3" pathEffect="5_1"/>
		<filter noAdminboundaries="false" tag="admin_level" value="9" minzoom="13" color="#2A800080" strokeWidth="3" pathEffect="4_1"/>
		<filter noAdminboundaries="false" tag="admin_level" value="10" minzoom="13" color="#2A800080" strokeWidth="3" pathEffect="4_1"/>

		<filter noAdminboundaries="false" tag="boundary" value="national_park" minzoom="7" maxzoom="9" color="#a009dd09" strokeWidth="1.5" pathEffect="4_1"/>
			<filter noAdminboundaries="false" tag="boundary" value="national_park" minzoom="10" color="#a009dd09" strokeWidth="3" pathEffect="4_1"/>
	</line>
</renderingStyle>