<?xml version="1.0"?>
<osmand_downloads>
    <download name="en_0.voice.zip" count="15650"/>
    <download name="ru_0.voice.zip" count="5832"/>
    <download name="Germany_bayern_europe_1.obf.zip" count="5571"/>
    <download name="ru2_0.voice.zip" count="5278"/>
    <download name="Germany_baden-wuerttemberg_europe_1.obf.zip" count="5175"/>
    <download name="Germany_nordrhein-westfalen_europe_1.obf.zip" count="5062"/>
    <download name="Poland_europe_1.obf.zip" count="4630"/>
    <download name="Germany_bayern_europe_1.poi.zip" count="4225"/>
    <download name="Germany_nordrhein-westfalen_europe_1.poi.zip" count="4144"/>
    <download name="Germany_baden-wuerttemberg_europe_1.poi.zip" count="4080"/>
    <download name="Germany_berlin_europe_1.obf.zip" count="3805"/>
    <download name="Germany_hessen_europe_1.obf.zip" count="3777"/>
    <download name="es_0.voice.zip" count="3950"/>
    <download name="Germany_niedersachsen_europe_1.obf.zip" count="3870"/>
    <download name="Netherlands_europe_1.obf.zip" count="3271"/>
    <download name="Germany_berlin_europe_1.poi.zip" count="3428"/>
    <download name="Poland_europe_1.poi.zip" count="3525"/>
    <download name="Gb_england_europe_1.obf.zip" count="3026"/>
    <download name="Brazil_southamerica_1.obf.zip" count="3339"/>
    <download name="Germany_hamburg_europe_1.obf.zip" count="3224"/>
    <download name="Austria_europe_1.obf.zip" count="3298"/>
    <download name="Germany_rheinland-pfalz_europe_1.obf.zip" count="3370"/>
    <download name="Germany_brandenburg_europe_1.obf.zip" count="3174"/>
    <download name="Germany_hessen_europe_1.poi.zip" count="3121"/>
    <download name="Germany_sachsen_europe_1.obf.zip" count="3082"/>
    <download name="Italy_europe_1.obf.zip" count="3341"/>
    <download name="Germany_niedersachsen_europe_1.poi.zip" count="3090"/>
    <download name="Spain_europe_1.obf.zip" count="3153"/>
    <download name="Germany_rheinland-pfalz_europe_1.poi.zip" count="2872"/>
    <download name="Germany_schleswig-holstein_europe_1.obf.zip" count="2864"/>
    <download name="Germany_brandenburg_europe_1.poi.zip" count="2753"/>
    <download name="Germany_mecklenburg-vorpommern_europe_1.obf.zip" count="2691"/>
    <download name="Germany_bremen_europe_1.obf.zip" count="2623"/>
    <download name="Germany_hamburg_europe_1.poi.zip" count="2689"/>
    <download name="Germany_sachsen-anhalt_europe_1.obf.zip" count="2682"/>
    <download name="Germany_saarland_europe_1.obf.zip" count="2699"/>
    <download name="Czech_republic_europe_1.obf.zip" count="2726"/>
    <download name="Germany_sachsen_europe_1.poi.zip" count="2659"/>
    <download name="Germany_thueringen_europe_1.obf.zip" count="2703"/>
    <download name="Russia_moscow_asia_1.obf.zip" count="2547"/>
    <download name="Great_britain_europe_1.obf.zip" count="2254"/>
    <download name="Austria_europe_1.poi.zip" count="2532"/>
    <download name="Italy_europe_1.poi.zip" count="2618"/>
    <download name="Germany_sachsen-anhalt_europe_1.poi.zip" count="2341"/>
    <download name="Russia_moscow_asia_1.poi.zip" count="2306"/>
    <download name="Germany_bremen_europe_1.poi.zip" count="2302"/>
    <download name="Germany_mecklenburg-vorpommern_europe_1.poi.zip" count="2281"/>
    <download name="Poland_Openmaps_eu_europe_1.obf.zip" count="1644"/>
    <download name="Germany_schleswig-holstein_europe_1.poi.zip" count="2391"/>
    <download name="Spain_europe_1.poi.zip" count="2412"/>
    <download name="Poland_Openmaps_eu_europe_1.poi.zip" count="1586"/>
    <download name="Belarus_europe_1.obf.zip" count="2162"/>
    <download name="Czech_republic_europe_1.poi.zip" count="2117"/>
    <download name="Germany_saarland_europe_1.poi.zip" count="2196"/>
    <download name="Germany_thueringen_europe_1.poi.zip" count="2193"/>
    <download name="Gb_england_europe_1.poi.zip" count="1989"/>
    <download name="Brazil_southamerica_1.poi.zip" count="2114"/>
    <download name="Austria_Openmaps_eu_europe_1.obf.zip" count="2123"/>
    <download name="Switzerland_europe_1.obf.zip" count="1806"/>
    <download name="Belgium_europe_1.obf.zip" count="1864"/>
    <download name="sk-Ruzena_0.voice.zip" count="1802"/>
    <download name="France_ile-de-france_europe_1.obf.zip" count="1850"/>
    <download name="France_europe_1.obf.zip" count="1245"/>
    <download name="Austria_Openmaps_eu_europe_1.poi.zip" count="1858"/>
    <download name="Russia_mosobl_asia_1.obf.zip" count="1656"/>
    <download name="Belarus_europe_1.poi.zip" count="1620"/>
    <download name="fr_0.voice.zip" count="1973"/>
    <download name="Netherlands_europe_1.poi.zip" count="1734"/>
    <download name="Great_britain_europe_1.poi.zip" count="1456"/>
    <download name="CzechRepublic_Openmaps_eu_europe_1.obf.zip" count="1684"/>
    <download name="Switzerland_europe_1.poi.zip" count="1441"/>
    <download name="Russia_mosobl_asia_1.poi.zip" count="1404"/>
    <download name="Belgium_europe_1.poi.zip" count="1389"/>
    <download name="CzechRepublic_Openmaps_eu_europe_1.poi.zip" count="1463"/>
    <download name="France_rhone-alpes_europe_1.obf.zip" count="1163"/>
    <download name="Russian_federation_asia_1.obf.zip" count="1160"/>
    <download name="Russian_federation_asia_1.poi.zip" count="1052"/>
    <download name="Us_california_northamerica_1.obf.zip" count="1192"/>
    <download name="Finland_europe_1.obf.zip" count="1085"/>
    <download name="France_bretagne_europe_1.obf.zip" count="1238"/>
    <download name="France_europe_1.poi.zip" count="1147"/>
    <download name="Denmark_europe_1.obf.zip" count="1138"/>
    <download name="Ukraine_europe_1.obf.zip" count="1168"/>
    <download name="Australia_oceania_1.obf.zip" count="1123"/>
    <download name="Russia_leningrad_asia_1.obf.zip" count="1025"/>
    <download name="France_aquitaine_europe_1.obf.zip" count="1142"/>
    <download name="Argentina_southamerica_1.obf.zip" count="980"/>
    <download name="France_ile-de-france_europe_1.poi.zip" count="1075"/>
    <download name="India_asia_1.obf.zip" count="977"/>
    <download name="Russia_leningrad_asia_1.poi.zip" count="943"/>
    <download name="France_alsace_europe_1.obf.zip" count="1185"/>
    <download name="Ukraine_europe_1.poi.zip" count="1049"/>
    <download name="Finland_europe_1.poi.zip" count="873"/>
    <download name="France_centre_europe_1.obf.zip" count="1033"/>
    <download name="France_provence-alpes-cote-d-azur_europe_1.obf.zip" count="1035"/>
    <download name="Sweden_europe_1.obf.zip" count="917"/>
    <download name="Denmark_europe_1.poi.zip" count="907"/>
    <download name="Hungary_europe_1.obf.zip" count="852"/>
    <download name="Australia_oceania_1.poi.zip" count="858"/>
    <download name="Philippines_asia_1.obf.zip" count="895"/>
    <download name="Slovakia_europe_1.obf.zip" count="950"/>
    <download name="Us_california_northamerica_1.poi.zip" count="842"/>
    <download name="Hungary_Openmaps_eu_europe_1.obf.zip" count="862"/>
    <download name="Romania_europe_1.obf.zip" count="731"/>
    <download name="Afghanistan_asia_1.obf.zip" count="843"/>
    <download name="Ukraine_Openmaps_eu_europe_1.obf.zip" count="620"/>
    <download name="Ukraine_Openmaps_eu_europe_1.poi.zip" count="852"/>
    <download name="Greece_europe_1.obf.zip" count="783"/>
    <download name="France_alsace_europe_1.poi.zip" count="845"/>
    <download name="India_asia_1.poi.zip" count="723"/>
    <download name="Gb_scotland_europe_1.obf.zip" count="710"/>
    <download name="Africa_1.obf.zip" count="823"/>
    <download name="Sweden_europe_1.poi.zip" count="745"/>
    <download name="Andorra_europe_1.obf.zip" count="723"/>
    <download name="Croatia_europe_1.obf.zip" count="758"/>
    <download name="Argentina_southamerica_1.poi.zip" count="694"/>
    <download name="Greece_europe_1.poi.zip" count="709"/>
    <download name="France_nord-pas-de-calais_europe_1.obf.zip" count="845"/>
    <download name="Bulgaria_europe_1.obf.zip" count="666"/>
    <download name="Slovakia_europe_1.poi.zip" count="757"/>
    <download name="France_pays-de-la-loire_europe_1.obf.zip" count="703"/>
    <download name="Hungary_europe_1.poi.zip" count="678"/>
    <download name="Hungary_Openmaps_eu_europe_1.poi.zip" count="735"/>
    <download name="Uruguay_southamerica_1.obf.zip" count="578"/>
    <download name="Gb_scotland_europe_1.poi.zip" count="602"/>
    <download name="Gb_wales_europe_1.obf.zip" count="656"/>
    <download name="Andorra_europe_1.poi.zip" count="638"/>
    <download name="Albania_europe_1.obf.zip" count="617"/>
    <download name="China_asia_1.obf.zip" count="620"/>
    <download name="France_poitou-charentes_europe_1.obf.zip" count="709"/>
    <download name="France_auvergne_europe_1.obf.zip" count="788"/>
    <download name="Croatia_europe_1.poi.zip" count="684"/>
    <download name="Philippines_asia_1.poi.zip" count="676"/>
    <download name="Russia_adygeya_asia_1.obf.zip" count="608"/>
    <download name="France_midi-pyrenees_europe_1.obf.zip" count="706"/>
    <download name="Bulgaria_europe_1.poi.zip" count="615"/>
    <download name="Malaysia_asia_1.obf.zip" count="614"/>
    <download name="Russia_krasnodar_asia_1.obf.zip" count="589"/>
    <download name="France_aquitaine_europe_1.poi.zip" count="705"/>
    <download name="Russia_ivanov_asia_1.obf" count="554"/>
    <download name="Africa_1.poi.zip" count="617"/>
    <download name="Portugal_europe_1.obf.zip" count="607"/>
    <download name="France_bretagne_europe_1.poi.zip" count="657"/>
    <download name="Russia_stpeter_asia_1.obf.zip" count="598"/>
    <download name="Albania_europe_1.poi.zip" count="548"/>
    <download name="France_centre_europe_1.poi.zip" count="701"/>
    <download name="France_auvergne_europe_1.poi.zip" count="626"/>
    <download name="France_basse-normandie_europe_1.obf.zip" count="683"/>
    <download name="France_basse-normandie_europe_1.poi.zip" count="632"/>
    <download name="Japan_asia_1.obf.zip" count="456"/>
    <download name="Romania_Openmaps_eu_europe_1.obf.zip" count="512"/>
    <download name="Russia_krasnodar_asia_1.poi.zip" count="501"/>
    <download name="Russia_bryansk_asia_1.poi.odb" count="514"/>
    <download name="Russia_bryansk_asia_1.obf" count="508"/>
    <download name="Gb_wales_europe_1.poi.zip" count="525"/>
    <download name="France_languedoc-roussillon_europe_1.obf.zip" count="668"/>
    <download name="Russia_stpeter_asia_1.poi.zip" count="557"/>
    <download name="Thailand_asia_1.obf.zip" count="491"/>
    <download name="Romania_europe_1.poi.zip" count="510"/>
    <download name="Ireland_europe_1.obf.zip" count="572"/>
    <download name="Russia_bashkir_asia_1.obf.zip" count="549"/>
    <download name="Norway_europe_1.obf.zip" count="512"/>
    <download name="Portugal_europe_1.poi.zip" count="538"/>
    <download name="France_bourgogne_europe_1.obf.zip" count="698"/>
    <download name="Us_new_york_northamerica_1.obf.zip" count="596"/>
    <download name="Malaysia_asia_1.poi.zip" count="524"/>
    <download name="Thailand_asia_1.poi.zip" count="472"/>
    <download name="Russia_chel_asia_1.obf.zip" count="501"/>
    <download name="Russia_belgorod_asia_1.obf.zip" count="482"/>
    <download name="Turkey_europe_1.obf.zip" count="556"/>
    <download name="Russia_altayskiy_asia_1.obf.zip" count="509"/>
    <download name="France_bourgogne_europe_1.poi.zip" count="593"/>
    <download name="Croatia_Openmaps_eu_europe_1.obf.zip" count="583"/>
    <download name="Russia_arkhan_asia_1.obf.zip" count="481"/>
    <download name="Latvia_europe_1.obf.zip" count="476"/>
    <download name="Russia_chuvash_asia_1.obf" count="471"/>
    <download name="Latvia_europe_1.poi.zip" count="460"/>
    <download name="Croatia_Openmaps_eu_europe_1.poi.zip" count="543"/>
    <download name="Us_florida_northamerica_1.obf.zip" count="468"/>
    <download name="Israel_asia_1.obf.zip" count="525"/>
    <download name="Russia_altayskiy_asia_1.poi.odb" count="473"/>
    <download name="France_provence-alpes-cote-d-azur_europe_1.poi.zip" count="518"/>
    <download name="Chile_southamerica_1.obf.zip" count="494"/>
    <download name="Russia_adygeya_asia_1.poi.zip" count="480"/>
    <download name="France_nord-pas-de-calais_europe_1.poi.zip" count="489"/>
    <download name="Russia_irkutsk_asia_1.obf.zip" count="406"/>
    <download name="Russia_kaluzh_asia_1.obf.zip" count="454"/>
    <download name="Slovakia_Openmaps_eu_europe_1.obf.zip" count="519"/>
    <download name="Russia_altay_asia_1.obf" count="469"/>
    <download name="Russia_chel_asia_1.poi.zip" count="447"/>
    <download name="Russia_ivanov_asia_1.poi.odb" count="436"/>
    <download name="Mexico_centralamerica_1.obf.zip" count="474"/>
    <download name="Russia_bashkir_asia_1.poi.zip" count="450"/>
    <download name="Bosnia-herzegovina_europe_1.obf.zip" count="444"/>
    <download name="France_champagne-ardenne_europe_1.obf.zip" count="595"/>
    <download name="Ireland_europe_1.poi.zip" count="454"/>
    <download name="France_corse_europe_1.poi.zip" count="526"/>
    <download name="France_rhone-alpes_europe_1.poi.zip" count="493"/>
    <download name="France_midi-pyrenees_europe_1.poi.zip" count="487"/>
    <download name="Estonia_europe_1.obf.zip" count="549"/>
    <download name="Russia_astrakhan_asia_1.obf" count="444"/>
    <download name="Russia_chuvash_asia_1.poi.odb" count="423"/>
    <download name="Russia_altay_asia_1.poi.odb" count="450"/>
    <download name="Russia_karel_asia_1.obf.zip" count="386"/>
    <download name="New_zealand_oceania_1.obf.zip" count="377"/>
    <download name="France_champagne-ardenne_europe_1.poi.zip" count="498"/>
    <download name="Russia_kalinin_asia_1.obf" count="391"/>
    <download name="Canada_ontario_northamerica_1.obf.zip" count="436"/>
    <download name="Russia_kalinin_asia_1.poi.odb" count="362"/>
    <download name="Russia_irkutsk_asia_1.poi.odb" count="387"/>
    <download name="Luxembourg_europe_1.obf.zip" count="452"/>
    <download name="France_corse_europe_1.obf.zip" count="536"/>
    <download name="Turkey_europe_1.poi.zip" count="475"/>
    <download name="Slovakia_Openmaps_eu_europe_1.poi.zip" count="460"/>
    <download name="Uruguay_southamerica_1.poi.zip" count="368"/>
    <download name="Israel_asia_1.poi.zip" count="437"/>
    <download name="Norway_europe_1.poi.zip" count="403"/>
    <download name="Russia_kaluzh_asia_1.poi.odb" count="412"/>
    <download name="Russia_belgorod_asia_1.poi.odb" count="393"/>
    <download name="Russia_astrakhan_asia_1.poi.odb" count="414"/>
    <download name="Bosnia-herzegovina_europe_1.poi.zip" count="402"/>
    <download name="Russia_amur_asia_1.poi.odb" count="398"/>
    <download name="Russia_evrey_asia_1.obf" count="370"/>
    <download name="France_languedoc-roussillon_europe_1.poi.zip" count="466"/>
    <download name="France_franche-comte_europe_1.obf.zip" count="552"/>
    <download name="China_asia_1.poi.zip" count="409"/>
    <download name="Russia_arkhan_asia_1.poi.odb" count="401"/>
    <download name="Russia_amur_asia_1.obf" count="393"/>
    <download name="France_haute-normandie_europe_1.obf.zip" count="542"/>
    <download name="Lithuania_europe_1.obf.zip" count="475"/>
    <download name="Estonia_europe_1.poi.zip" count="466"/>
    <download name="Us_florida_northamerica_1.poi.zip" count="374"/>
    <download name="Singapore_asia_1.obf" count="386"/>
    <download name="Us_new_york_northamerica_1.poi.zip" count="424"/>
    <download name="Russia_kabardin_asia_1.obf" count="343"/>
    <download name="South_africa_and_lesotho_africa_1.obf.zip" count="370"/>
    <download name="Russia_dagestan_asia_1.obf" count="351"/>
    <download name="Russia_ingush_asia_1.obf" count="318"/>
    <download name="Russia_ingush_asia_1.poi.odb" count="311"/>
    <download name="Romania_Openmaps_eu_europe_1.poi.zip" count="365"/>
    <download name="France_haute-normandie_europe_1.poi.zip" count="442"/>
    <download name="Russia_evrey_asia_1.poi.odb" count="332"/>
    <download name="Chile_southamerica_1.poi.zip" count="419"/>
    <download name="Russia_nizhegorod_asia_1.obf.zip" count="367"/>
    <download name="Singapore_asia_1.poi.odb" count="361"/>
    <download name="France_lorraine_europe_1.obf.zip" count="574"/>
    <download name="Russia_samar_asia_1.obf.zip" count="318"/>
    <download name="Russia_dagestan_asia_1.poi.odb" count="336"/>
    <download name="Luxembourg_europe_1.poi.zip" count="382"/>
    <download name="France_lorraine_europe_1.poi.zip" count="412"/>
    <download name="Lithuania_europe_1.poi.zip" count="355"/>
    <download name="Indonesia_asia_1.obf.zip" count="340"/>
    <download name="Us_texas_northamerica_1.obf.zip" count="338"/>
    <download name="Cyprus_europe_1.obf.zip" count="342"/>
    <download name="Russia_kalmyk_asia_1.obf" count="306"/>
    <download name="Russia_novgorod_asia_1.obf.zip" count="309"/>
    <download name="Mexico_centralamerica_1.poi.zip" count="366"/>
    <download name="Russia_rostov_asia_1.obf.zip" count="320"/>
    <download name="Russia_kabardin_asia_1.poi.odb" count="305"/>
    <download name="Us_washington_northamerica_1.obf.zip" count="330"/>
    <download name="France_limousin_europe_1.obf.zip" count="473"/>
    <download name="Russia_novgorod_asia_1.poi.zip" count="309"/>
    <download name="France_franche-comte_europe_1.poi.zip" count="409"/>
    <download name="Russia_krasnoyarsk_asia_1.obf.zip" count="282"/>
    <download name="Russia_chukot_asia_1.obf" count="324"/>
    <download name="Canada_ontario_northamerica_1.poi.zip" count="332"/>
    <download name="Algeria_africa_1.obf.zip" count="328"/>
    <download name="New_zealand_oceania_1.poi.zip" count="288"/>
    <download name="Bosnia_Openmaps_eu_europe_1.obf.zip" count="340"/>
    <download name="Russia_buryat_asia_1.obf" count="332"/>
    <download name="Cyprus_europe_1.poi.zip" count="328"/>
    <download name="France_pays-de-la-loire_europe_1.poi.zip" count="359"/>
    <download name="Russia_kirov_asia_1.obf.zip" count="274"/>
    <download name="Japan_asia_1.poi.zip" count="262"/>
    <download name="Slovenia_europe_1.obf.zip" count="325"/>
    <download name="France_poitou-charentes_europe_1.poi.zip" count="358"/>
    <download name="Bosnia_Openmaps_eu_europe_1.poi.zip" count="336"/>
    <download name="Russia_nizhegorod_asia_1.poi.zip" count="307"/>
    <download name="Russia_rostov_asia_1.poi.odb" count="300"/>
    <download name="Canada_quebec_northamerica_1.obf.zip" count="333"/>
    <download name="Russia_yarosl_asia_1.obf.zip" count="268"/>
    <download name="Us_georgia_northamerica_1.obf.zip" count="256"/>
    <download name="Russia_karel_asia_1.poi.zip" count="292"/>
    <download name="Russia_kursk_asia_1.poi.odb" count="246"/>
    <download name="Serbia_europe_1.obf.zip" count="314"/>
    <download name="Russia_kalmyk_asia_1.poi.odb" count="258"/>
    <download name="Russia_kursk_asia_1.obf.zip" count="244"/>
    <download name="Russia_novosib_asia_1.obf.zip" count="292"/>
    <download name="Russia_chechen_asia_1.obf" count="291"/>
    <download name="France_limousin_europe_1.poi.zip" count="352"/>
    <download name="Russia_chukot_asia_1.poi.odb" count="283"/>
    <download name="Slovenia_europe_1.poi.zip" count="294"/>
    <download name="South_africa_and_lesotho_africa_1.poi.zip" count="253"/>
    <download name="Russia_chechen_asia_1.poi.odb" count="282"/>
    <download name="Russia_vladimir_asia_1.obf.zip" count="274"/>
    <download name="Russia_vladimir_asia_1.poi.zip" count="261"/>
    <download name="Russia_buryat_asia_1.poi.odb" count="285"/>
    <download name="Russia_samar_asia_1.poi.zip" count="253"/>
    <download name="Russia_krasnoyarsk_asia_1.poi.zip" count="223"/>
    <download name="Russia_novosib_asia_1.poi.zip" count="255"/>
    <download name="Serbia_europe_1.poi.zip" count="273"/>
    <download name="Russia_yarosl_asia_1.poi.zip" count="235"/>
    <download name="Russia_kostrom_asia_1.poi.odb" count="237"/>
    <download name="France_picardie_europe_1.poi.zip" count="304"/>
    <download name="France_picardie_europe_1.obf.zip" count="331"/>
    <download name="Indonesia_asia_1.poi.zip" count="253"/>
    <download name="Russia_tver_asia_1.obf.zip" count="263"/>
    <download name="Russia_khanty_asia_1.obf.zip" count="216"/>
    <download name="Us_arizona_northamerica_1.obf.zip" count="259"/>
    <download name="Saudi_arabia_asia_1.poi.odb" count="227"/>
    <download name="Russia_voronezh_asia_1.obf.zip" count="259"/>
    <download name="Canada_british_columbia_northamerica_1.obf.zip" count="276"/>
    <download name="Ecuador_southamerica_1.obf.zip" count="198"/>
    <download name="Us_maryland_northamerica_1.obf.zip" count="250"/>
    <download name="Serbia_Openmaps_eu_europe_1.obf.zip" count="250"/>
    <download name="Slovenia_Openmaps_eu_europe_1.obf.zip" count="268"/>
    <download name="Russia_tatar_asia_1.obf.zip" count="246"/>
    <download name="Colombia_southamerica_1.obf.zip" count="229"/>
    <download name="Costa_rica_centralamerica_1.obf.zip" count="257"/>
    <download name="Russia_kirov_asia_1.poi.odb" count="212"/>
    <download name="Russia_sverdl_asia_1.obf.zip" count="243"/>
    <download name="Russia_tatar_asia_1.poi.zip" count="235"/>
    <download name="Russia_ryazan_asia_1.obf.zip" count="228"/>
    <download name="Us_new_jersey_northamerica_1.obf.zip" count="236"/>
    <download name="Antigua_and_barbuda_centralamerica_1.obf" count="223"/>
    <download name="Russia_kurgan_asia_1.obf" count="200"/>
    <download name="Us_illinois_northamerica_1.obf.zip" count="228"/>
    <download name="Russia_tver_asia_1.poi.zip" count="229"/>
    <download name="Macedonia_europe_1.obf.zip" count="243"/>
    <download name="Angola_africa_1.obf" count="155"/>
    <download name="Costa_rica_centralamerica_1.poi.odb" count="238"/>
    <download name="Aruba_centralamerica_1.obf" count="198"/>
    <download name="Russia_kurgan_asia_1.poi.odb" count="189"/>
    <download name="United_arab_emirates_asia_1.obf" count="223"/>
    <download name="Canada_british_columbia_northamerica_1.poi.zip" count="234"/>
    <download name="Russia_perm_asia_1.obf.zip" count="206"/>
    <download name="Us_washington_northamerica_1.poi.zip" count="229"/>
    <download name="Slovenia_Openmaps_eu_europe_1.poi.zip" count="235"/>
    <download name="Saudi_arabia_asia_1.obf.zip" count="209"/>
    <download name="Russia_voronezh_asia_1.poi.odb" count="217"/>
    <download name="Us_georgia_northamerica_1.poi.zip" count="190"/>
    <download name="Russia_tul_asia_1.obf.zip" count="204"/>
    <download name="Us_arizona_northamerica_1.poi.zip" count="217"/>
    <download name="Russia_kemerovo_asia_1.obf.zip" count="205"/>
    <download name="Antigua_and_barbuda_centralamerica_1.poi.odb" count="200"/>
    <download name="Us_texas_northamerica_1.poi.zip" count="212"/>
    <download name="Anguilla_centralamerica_1.poi.odb" count="143"/>
    <download name="Egypt_africa_1.obf.zip" count="216"/>
    <download name="Russia_ryazan_asia_1.poi.odb" count="203"/>
    <download name="United_arab_emirates_asia_1.poi.odb" count="209"/>
    <download name="Anguilla_centralamerica_1.obf" count="144"/>
    <download name="Canada_quebec_northamerica_1.poi.zip" count="227"/>
    <download name="Russia_lipetsk_asia_1.obf" count="193"/>
    <download name="Angola_africa_1.poi.odb" count="140"/>
    <download name="Russia_sverdl_asia_1.poi.zip" count="207"/>
    <download name="Russia_karach_asia_1.obf.zip" count="176"/>
    <download name="Us_pennsylvania_northamerica_1.obf.zip" count="202"/>
    <download name="Bahrain_asia_1.obf" count="183"/>
    <download name="Serbia_Openmaps_eu_europe_1.poi.zip" count="209"/>
    <download name="Macedonia_europe_1.poi.zip" count="207"/>
    <download name="Us_michigan_northamerica_1.obf.zip" count="186"/>
    <download name="Russia_khanty_asia_1.poi.odb" count="173"/>
    <download name="Russia_komi_asia_1.obf.zip" count="176"/>
    <download name="Russia_kemerovo_asia_1.poi.odb" count="193"/>
    <download name="Aruba_centralamerica_1.poi.odb" count="183"/>
    <download name="Russia_kostrom_asia_1.obf" count="192"/>
    <download name="Bolivia_southamerica_1.obf.zip" count="163"/>
    <download name="Russia_tul_asia_1.poi.odb" count="188"/>
    <download name="Canada_alberta_northamerica_1.obf.zip" count="205"/>
    <download name="Russia_perm_asia_1.poi.zip" count="181"/>
    <download name="South_korea_asia_1.poi.zip" count="152"/>
    <download name="Russia_khabar_asia_1.poi.odb" count="170"/>
    <download name="Us_massachusetts_northamerica_1.obf.zip" count="201"/>
    <download name="Us_nevada_northamerica_1.obf.zip" count="222"/>
    <download name="Us_north_carolina_northamerica_1.obf.zip" count="161"/>
    <download name="Egypt_africa_1.poi.zip" count="192"/>
    <download name="Russia_murmansk_asia_1.obf.zip" count="163"/>
    <download name="Russia_vologda_asia_1.obf.zip" count="172"/>
    <download name="Bahrain_asia_1.poi.odb" count="160"/>
    <download name="Russia_pskov_asia_1.obf.zip" count="178"/>
    <download name="Us_illinois_northamerica_1.poi.zip" count="184"/>
    <download name="Liechtenstein_europe_1.obf.zip" count="176"/>
    <download name="Russia_khabar_asia_1.obf" count="171"/>
    <download name="Russia_lipetsk_asia_1.poi.odb" count="171"/>
    <download name="South_korea_asia_1.obf.zip" count="154"/>
    <download name="Venezuela_southamerica_1.obf.zip" count="200"/>
    <download name="Us_massachusetts_northamerica_1.poi.zip" count="177"/>
    <download name="Us_district_of_columbia_northamerica_1.obf.zip" count="172"/>
    <download name="Russia_saratov_asia_1.obf" count="180"/>
    <download name="Us_maryland_northamerica_1.poi.zip" count="175"/>
    <download name="Us_pennsylvania_northamerica_1.poi.zip" count="180"/>
    <download name="Russia_komi_asia_1.poi.odb" count="146"/>
    <download name="Russia_volgograd_asia_1.obf" count="159"/>
    <download name="Russia_tumen_asia_1.obf.zip" count="155"/>
    <download name="Russia_mordov_asia_1.obf" count="144"/>
    <download name="Russia_smol_asia_1.obf.zip" count="156"/>
    <download name="Vietnam_asia_1.obf.zip" count="184"/>
    <download name="Us_nevada_northamerica_1.poi.zip" count="182"/>
    <download name="Russia_kamch_asia_1.obf" count="144"/>
    <download name="Russia_omsk_asia_1.obf.zip" count="141"/>
    <download name="Russia_saratov_asia_1.poi.odb" count="161"/>
    <download name="Russia_murmansk_asia_1.poi.zip" count="139"/>
    <download name="Us_new_jersey_northamerica_1.poi.zip" count="169"/>
    <download name="British_indian_ocean_territory_asia_1.obf" count="126"/>
    <download name="Us_michigan_northamerica_1.poi.zip" count="144"/>
    <download name="Colombia_southamerica_1.poi.zip" count="156"/>
    <download name="Russia_stavrop_asia_1.obf" count="151"/>
    <download name="Moldova_europe_1.obf.zip" count="166"/>
    <download name="Russia_volgograd_asia_1.poi.odb" count="156"/>
    <download name="Russia_tambov_asia_1.obf" count="145"/>
    <download name="Us_oregon_northamerica_1.obf.zip" count="148"/>
    <download name="Russia_khakas_asia_1.obf" count="134"/>
    <download name="Russia_vologda_asia_1.poi.zip" count="149"/>
    <download name="Us_colorado_northamerica_1.poi.zip" count="145"/>
    <download name="Us_colorado_northamerica_1.obf.zip" count="150"/>
    <download name="Us_district_of_columbia_northamerica_1.poi.zip" count="149"/>
    <download name="Ecuador_southamerica_1.poi.zip" count="122"/>
    <download name="Russia_pskov_asia_1.poi.odb" count="155"/>
    <download name="Vietnam_asia_1.poi.zip" count="170"/>
    <download name="Belize_centralamerica_1.obf" count="125"/>
    <download name="Taiwan_asia_1.obf.zip" count="126"/>
    <download name="Russia_tambov_asia_1.poi.odb" count="135"/>
    <download name="Russia_kamch_asia_1.poi.odb" count="132"/>
    <download name="Russia_tumen_asia_1.poi.odb" count="135"/>
    <download name="Kazakhstan_asia_1.obf.zip" count="142"/>
    <download name="Bangladesh_asia_1.obf" count="128"/>
    <download name="Barbados_centralamerica_1.poi.odb" count="127"/>
    <download name="Russia_karach_asia_1.poi.odb" count="134"/>
    <download name="Russia_khakas_asia_1.poi.odb" count="124"/>
    <download name="Peru_southamerica_1.obf.zip" count="119"/>
    <download name="Moldova_europe_1.poi.zip" count="165"/>
    <download name="Barbados_centralamerica_1.obf" count="122"/>
    <download name="Russia_mordov_asia_1.poi.odb" count="133"/>
    <download name="Us_virginia_northamerica_1.obf.zip" count="148"/>
    <download name="Morocco_africa_1.obf.zip" count="131"/>
    <download name="Taiwan_asia_1.poi.odb" count="124"/>
    <download name="Bolivia_southamerica_1.poi.zip" count="126"/>
    <download name="Russia_orlovsk_asia_1.obf" count="123"/>
    <download name="Russia_smol_asia_1.poi.odb" count="153"/>
    <download name="Liechtenstein_europe_1.poi.zip" count="160"/>
    <download name="Bahamas_centralamerica_1.obf" count="124"/>
    <download name="Us_ohio_northamerica_1.obf.zip" count="144"/>
    <download name="Us_new_mexico_northamerica_1.obf.zip" count="135"/>
    <download name="British_indian_ocean_territory_asia_1.poi.odb" count="111"/>
    <download name="Morocco_africa_1.poi.odb" count="127"/>
    <download name="Bangladesh_asia_1.poi.odb" count="122"/>
    <download name="Us_new_mexico_northamerica_1.poi.zip" count="126"/>
    <download name="Russia_stavrop_asia_1.poi.odb" count="135"/>
    <download name="Us_minnesota_northamerica_1.poi.zip" count="132"/>
    <download name="Russia_penz_asia_1.obf" count="121"/>
    <download name="Russia_mariyel_asia_1.obf.zip" count="122"/>
    <download name="Iceland_europe_1.obf.zip" count="142"/>
    <download name="Russia_udmurt_asia_1.obf.zip" count="121"/>
    <download name="Canada_alberta_northamerica_1.poi.zip" count="154"/>
    <download name="Kazakhstan_asia_1.poi.zip" count="125"/>
    <download name="Us_oklahoma_northamerica_1.obf.zip" count="106"/>
    <download name="Venezuela_southamerica_1.poi.zip" count="153"/>
    <download name="Russia_prim_asia_1.obf" count="115"/>
    <download name="Benelux_europe_1.obf.zip" count="144"/>
    <download name="Iceland_europe_1.poi.zip" count="129"/>
    <download name="Us_delaware_northamerica_1.obf.zip" count="121"/>
    <download name="Russia_omsk_asia_1.poi.odb" count="113"/>
    <download name="Bahamas_centralamerica_1.poi.odb" count="117"/>
    <download name="Russia_ulyan_asia_1.obf" count="115"/>
    <download name="Russia_orenburg_asia_1.obf.zip" count="128"/>
    <download name="Russia_penz_asia_1.poi.odb" count="116"/>
    <download name="Russia_orlovsk_asia_1.poi.odb" count="110"/>
    <download name="Russia_ulyan_asia_1.poi.odb" count="112"/>
    <download name="Us_virginia_northamerica_1.poi.zip" count="137"/>
    <download name="Us_connecticut_northamerica_1.obf.zip" count="123"/>
    <download name="Belize_centralamerica_1.poi.odb" count="104"/>
    <download name="Russia_yamal_asia_1.obf" count="98"/>
    <download name="Russia_prim_asia_1.poi.odb" count="106"/>
    <download name="Canada_new_brunswick_northamerica_1.obf.zip" count="112"/>
    <download name="Russia_udmurt_asia_1.poi.odb" count="105"/>
    <download name="Bermuda_centralamerica_1.obf" count="101"/>
    <download name="Us_ohio_northamerica_1.poi.zip" count="122"/>
    <download name="Russia_tomsk_asia_1.obf" count="109"/>
    <download name="Us_north_carolina_northamerica_1.poi.zip" count="108"/>
    <download name="Malta_europe_1.obf.zip" count="122"/>
    <download name="Russia_orenburg_asia_1.poi.odb" count="114"/>
    <download name="Cambodia_asia_1.obf" count="96"/>
    <download name="Us_minnesota_northamerica_1.obf.zip" count="123"/>
    <download name="Us_indiana_northamerica_1.obf.zip" count="125"/>
    <download name="Us_delaware_northamerica_1.poi.zip" count="108"/>
    <download name="Pakistan_asia_1.obf.zip" count="97"/>
    <download name="Canada_manitoba_northamerica_1.obf.zip" count="120"/>
    <download name="Canada_nova_scotia_northamerica_1.obf.zip" count="104"/>
    <download name="Russia_yamal_asia_1.poi.odb" count="91"/>
    <download name="Us_oregon_northamerica_1.poi.zip" count="108"/>
    <download name="Malta_europe_1.poi.zip" count="105"/>
    <download name="Russia_tomsk_asia_1.poi.odb" count="102"/>
    <download name="British_virgin_islands_centralamerica_1.obf" count="82"/>
    <download name="Us_connecticut_northamerica_1.poi.zip" count="113"/>
    <download name="Us_west_virginia_northamerica_1.poi.zip" count="94"/>
    <download name="Jordan_asia_1.obf" count="93"/>
    <download name="Peru_southamerica_1.poi.zip" count="91"/>
    <download name="Russia_mariyel_asia_1.poi.odb" count="100"/>
    <download name="Canada_nw_territories_northamerica_1.obf.zip" count="92"/>
    <download name="Cambodia_asia_1.poi.odb" count="89"/>
    <download name="Canada_new_brunswick_northamerica_1.poi.zip" count="102"/>
    <download name="Kuwait_asia_1.obf" count="91"/>
    <download name="Canada_newfoundland_northamerica_1.obf.zip" count="90"/>
    <download name="Cuba_centralamerica_1.obf" count="88"/>
    <download name="Us_utah_northamerica_1.obf.zip" count="118"/>
    <download name="Monaco_europe_1.obf.zip" count="97"/>
    <download name="Us_hawaii_northamerica_1.obf.zip" count="96"/>
    <download name="Jordan_asia_1.poi.odb" count="91"/>
    <download name="Bermuda_centralamerica_1.poi.odb" count="87"/>
    <download name="Montenegro_europe_1.obf.zip" count="97"/>
    <download name="Canada_nova_scotia_northamerica_1.poi.zip" count="87"/>
    <download name="Us_wisconsin_northamerica_1.obf.zip" count="94"/>
    <download name="Us_new_hampshire_northamerica_1.obf.zip" count="102"/>
    <download name="Kuwait_asia_1.poi.odb" count="84"/>
    <download name="Faroe_islands_europe_1.obf.zip" count="87"/>
    <download name="Pakistan_asia_1.poi.zip" count="83"/>
    <download name="Us_alaska_northamerica_1.obf.zip" count="89"/>
    <download name="Netherlands_antilles_centralamerica_1.obf" count="100"/>
    <download name="Bhutan_asia_1.obf" count="78"/>
    <download name="Dominican_republic_centralamerica_1.obf.zip" count="80"/>
    <download name="Us_utah_northamerica_1.poi.zip" count="98"/>
    <download name="Us_alabama_northamerica_1.obf.zip" count="111"/>
    <download name="Bhutan_asia_1.poi.odb" count="78"/>
    <download name="Canada_manitoba_northamerica_1.poi.zip" count="97"/>
    <download name="Us_west_virginia_northamerica_1.obf.zip" count="85"/>
    <download name="Benelux_europe_1.poi.zip" count="350"/>
    <download name="Faroe_islands_europe_1.poi.zip" count="78"/>
    <download name="British_virgin_islands_centralamerica_1.poi.odb" count="68"/>
    <download name="Us_hawaii_northamerica_1.poi.odb" count="87"/>
    <download name="Cuba_centralamerica_1.poi.odb" count="73"/>
    <download name="Us_oklahoma_northamerica_1.poi.zip" count="73"/>
    <download name="Canada_newfoundland_northamerica_1.poi.zip" count="82"/>
    <download name="Us_missouri_northamerica_1.obf.zip" count="92"/>
    <download name="Us_missouri_northamerica_1.poi.zip" count="83"/>
    <download name="Montenegro_europe_1.poi.zip" count="85"/>
    <download name="Us_new_hampshire_northamerica_1.poi.zip" count="98"/>
    <download name="Qatar_asia_1.obf" count="72"/>
    <download name="Us_kentucky_northamerica_1.obf.zip" count="101"/>
    <download name="Us_idaho_northamerica_1.obf.zip" count="81"/>
    <download name="Oman_asia_1.obf" count="59"/>
    <download name="Us_arkansas_northamerica_1.obf.zip" count="84"/>
    <download name="Montenegro_Openmaps_eu_europe_1.obf.zip" count="100"/>
    <download name="Brunei_asia_1.obf" count="71"/>
    <download name="Canada_nunavut_northamerica_1.obf.zip" count="69"/>
    <download name="Us_wisconsin_northamerica_1.poi.zip" count="74"/>
    <download name="Us_alabama_northamerica_1.poi.zip" count="83"/>
    <download name="Dominican_republic_centralamerica_1.poi.odb" count="67"/>
    <download name="Us_kansas_northamerica_1.obf.zip" count="101"/>
    <download name="Canada_pr_edwrd_island_northamerica_1.obf" count="73"/>
    <download name="Us_idaho_northamerica_1.poi.zip" count="75"/>
    <download name="Montenegro_Openmaps_eu_europe_1.poi.zip" count="80"/>
    <download name="Us_tennessee_northamerica_1.obf.zip" count="73"/>
    <download name="Lebanon_asia_1.obf.zip" count="61"/>
    <download name="Us_indiana_northamerica_1.poi.zip" count="101"/>
    <download name="Russia_zabaikal_asia_1.obf" count="62"/>
    <download name="Us_maine_northamerica_1.obf.zip" count="77"/>
    <download name="Qatar_asia_1.poi.odb" count="68"/>
    <download name="Brunei_asia_1.poi.odb" count="68"/>
    <download name="Netherlands_antilles_centralamerica_1.poi.odb" count="80"/>
    <download name="Us_tennessee_northamerica_1.poi.zip" count="72"/>
    <download name="Russia_osetiya_asia_1.obf" count="58"/>
    <download name="Kosovo_europe_1.obf.zip" count="78"/>
    <download name="Canada_nw_territories_northamerica_1.poi.odb" count="71"/>
    <download name="Us_south_carolina_northamerica_1.obf.zip" count="65"/>
    <download name="Canada_nunavut_northamerica_1.poi.zip" count="66"/>
    <download name="Canada_pr_edwrd_island_northamerica_1.poi.odb" count="66"/>
    <download name="Us_arkansas_northamerica_1.poi.zip" count="73"/>
    <download name="Oman_asia_1.poi.odb" count="54"/>
    <download name="Us_maine_northamerica_1.poi.zip" count="70"/>
    <download name="Us_kansas_northamerica_1.poi.zip" count="69"/>
    <download name="Us_alaska_northamerica_1.poi.zip" count="71"/>
    <download name="Russia_nenec_asia_1.obf" count="55"/>
    <download name="Kosovo_europe_1.poi.zip" count="74"/>
    <download name="Canada_yukon_northamerica_1.obf" count="66"/>
    <download name="Isle_of_man_europe_1.obf.zip" count="62"/>
    <download name="Us_iowa_northamerica_1.obf.zip" count="69"/>
    <download name="Canada_saskatchewan_northamerica_1.obf.zip" count="68"/>
    <download name="Russia_osetiya_asia_1.poi.odb" count="53"/>
    <download name="Canada_saskatchewan_northamerica_1.poi.zip" count="66"/>
    <download name="Us_vermont_northamerica_1.obf.zip" count="62"/>
    <download name="Russia_magadan_asia_1.obf" count="57"/>
    <download name="Monaco_europe_1.poi.zip" count="71"/>
    <download name="Lebanon_asia_1.poi.zip" count="52"/>
    <download name="Us_rhode_island_northamerica_1.obf.zip" count="59"/>
    <download name="Russia_zabaikal_asia_1.poi.odb" count="57"/>
    <download name="Us_iowa_northamerica_1.poi.zip" count="65"/>
    <download name="Syria_asia_1.obf.zip" count="45"/>
    <download name="Russia_magadan_asia_1.poi.odb" count="53"/>
    <download name="Us_kentucky_northamerica_1.poi.zip" count="83"/>
    <download name="Us_vermont_northamerica_1.poi.zip" count="59"/>
    <download name="Isle_of_man_europe_1.poi.zip" count="53"/>
    <download name="Iran_asia_1.obf.zip" count="181"/>
    <download name="Us_south_carolina_northamerica_1.poi.zip" count="54"/>
    <download name="Us_rhode_island_northamerica_1.poi.odb" count="56"/>
    <download name="Us_louisiana_northamerica_1.obf.zip" count="66"/>
    <download name="Russia_sakhalin_asia_1.obf" count="55"/>
    <download name="Russia_yakut_asia_1.obf.zip" count="52"/>
    <download name="Canada_yukon_northamerica_1.poi.odb" count="55"/>
    <download name="Iran_asia_1.poi.zip" count="157"/>
    <download name="Russia_nenec_asia_1.poi.odb" count="47"/>
    <download name="Yemen_asia_1.poi.zip" count="64"/>
    <download name="Russia_yakut_asia_1.poi.zip" count="50"/>
    <download name="Us_louisiana_northamerica_1.poi.zip" count="58"/>
    <download name="Uzbekistan_asia_1.obf" count="44"/>
    <download name="Guatemala_centralamerica_1.obf.zip" count="43"/>
    <download name="Trinidad_and_tobago_centralamerica_1.obf" count="36"/>
    <download name="Syria_asia_1.poi.zip" count="38"/>
    <download name="Laos_asia_1.poi.odb" count="44"/>
    <download name="Paraguay_southamerica_1.obf.zip" count="49"/>
    <download name="Us_nebraska_northamerica_1.obf.zip" count="47"/>
    <download name="Guatemala_centralamerica_1.poi.odb" count="42"/>
    <download name="Us_wyoming_northamerica_1.obf.zip" count="46"/>
    <download name="Paraguay_southamerica_1.poi.zip" count="44"/>
    <download name="Sri_lanka_asia_1.obf" count="41"/>
    <download name="Russia_sakhalin_asia_1.poi.odb" count="51"/>
    <download name="Uzbekistan_asia_1.poi.odb" count="41"/>
    <download name="Puerto_rico_centralamerica_1.obf.zip" count="42"/>
    <download name="Trinidad_and_tobago_centralamerica_1.poi.odb" count="32"/>
    <download name="Us_mississippi_northamerica_1.obf.zip" count="55"/>
    <download name="Sri_lanka_asia_1.poi.odb" count="38"/>
    <download name="Nicaragua_centralamerica_1.obf" count="31"/>
    <download name="Us_north_dakota_northamerica_1.obf.zip" count="40"/>
    <download name="Laos_asia_1.obf" count="39"/>
    <download name="Us_montana_northamerica_1.obf.zip" count="49"/>
    <download name="Us_wyoming_northamerica_1.poi.zip" count="39"/>
    <download name="Russia_tyva_asia_1.obf" count="41"/>
    <download name="Nicaragua_centralamerica_1.poi.odb" count="27"/>
    <download name="Kyrgyzstan_asia_1.poi.odb" count="31"/>
    <download name="Puerto_rico_centralamerica_1.poi.odb" count="37"/>
    <download name="Democratic_republic_of_timor-leste_asia_1.obf" count="37"/>
    <download name="Kyrgyzstan_asia_1.obf.zip" count="32"/>
    <download name="Russia_tyva_asia_1.poi.odb" count="38"/>
    <download name="El_salvador_centralamerica_1.obf" count="30"/>
    <download name="Panama_centralamerica_1.obf" count="28"/>
    <download name="Us_north_dakota_northamerica_1.poi.zip" count="34"/>
    <download name="Greenland_centralamerica_1.obf.zip" count="30"/>
    <download name="Us_montana_northamerica_1.poi.zip" count="43"/>
    <download name="Us_south_dakota_northamerica_1.obf.zip" count="33"/>
    <download name="Macau_asia_1.obf" count="32"/>
    <download name="Us_mississippi_northamerica_1.poi.zip" count="45"/>
    <download name="Gaza_strip_asia_1.obf" count="42"/>
    <download name="Yemen_asia_1.obf.zip" count="46"/>
    <download name="French_guiana_southamerica_1.obf.zip" count="30"/>
    <download name="Us_nebraska_northamerica_1.poi.zip" count="33"/>
    <download name="Afghanistan_asia_1.poi.odb" count="170"/>
    <download name="El_salvador_centralamerica_1.poi.odb" count="27"/>
    <download name="Dominica_centralamerica_1.obf" count="33"/>
    <download name="Us_south_dakota_northamerica_1.poi.zip" count="28"/>
    <download name="North_korea_asia_1.poi.odb" count="22"/>
    <download name="Honduras_centralamerica_1.obf" count="24"/>
    <download name="Panama_centralamerica_1.poi.odb" count="24"/>
    <download name="Democratic_republic_of_timor-leste_asia_1.poi.odb" count="27"/>
    <download name="Union_of_myanmar_asia_1.obf.zip" count="38"/>
    <download name="North_korea_asia_1.obf" count="21"/>
    <download name="Mongolia_asia_1.obf" count="22"/>
    <download name="French_guiana_southamerica_1.poi.zip" count="27"/>
    <download name="Turkmenistan_asia_1.obf" count="28"/>
    <download name="Honduras_centralamerica_1.poi.odb" count="40"/>
    <download name="Falkland_islands_southamerica_1.poi.zip" count="26"/>
    <download name="Haiti_centralamerica_1.obf.zip" count="22"/>
    <download name="Gaza_strip_asia_1.poi.odb" count="20"/>
    <download name="Martinique_centralamerica_1.poi.odb" count="20"/>
    <download name="Dominica_centralamerica_1.poi.odb" count="23"/>
    <download name="Iraq_asia_1.obf.zip" count="29"/>
    <download name="Martinique_centralamerica_1.obf" count="19"/>
    <download name="Madagascar_africa_1.obf.zip" count="19"/>
    <download name="Nepal_asia_1.obf" count="20"/>
    <download name="Maldives_asia_1.obf" count="19"/>
    <download name="Nepal_asia_1.poi.odb" count="19"/>
    <download name="Mongolia_asia_1.poi.odb" count="19"/>
    <download name="Madagascar_africa_1.poi.odb" count="16"/>
    <download name="Jamaica_centralamerica_1.obf" count="24"/>
    <download name="Iraq_asia_1.poi.odb" count="26"/>
    <download name="Christmas_island_asia_1.obf" count="21"/>
    <download name="Greenland_centralamerica_1.poi.zip" count="22"/>
    <download name="Turkmenistan_asia_1.poi.odb" count="20"/>
    <download name="Federation_of_saint_kitts_and_nevis_centralamerica_1.poi.odb" count="22"/>
    <download name="Falkland_islands_southamerica_1.obf.zip" count="22"/>
    <download name="Suriname_southamerica_1.obf.zip" count="18"/>
    <download name="Federation_of_saint_kitts_and_nevis_centralamerica_1.obf" count="21"/>
    <download name="Haiti_centralamerica_1.poi.zip" count="17"/>
    <download name="Suriname_southamerica_1.poi.zip" count="18"/>
    <download name="Union_of_myanmar_asia_1.poi.odb" count="28"/>
    <download name="Jamaica_centralamerica_1.poi.odb" count="21"/>
    <download name="Grenada_centralamerica_1.obf" count="25"/>
    <download name="Guyana_southamerica_1.obf.zip" count="15"/>
    <download name="Virgin_islands_centralamerica_1.obf" count="34"/>
    <download name="Grenada_centralamerica_1.poi.odb" count="14"/>
    <download name="St_pierre_and_miquelon_centralamerica_1.poi.odb" count="11"/>
    <download name="Virgin_islands_centralamerica_1.poi.odb" count="36"/>
    <download name="St_vincent_and_the_grenadines_centralamerica_1.obf" count="11"/>
    <download name="Guyana_southamerica_1.poi.zip" count="11"/>
    <download name="Algeria_africa_1.poi.zip" count="86"/>
    <download name="Angola_africa_1.obf.zip" count="76"/>
    <download name="Tajikistan_asia_1.poi.odb" count="8"/>
    <download name="St_pierre_and_miquelon_centralamerica_1.obf" count="9"/>
    <download name="Tajikistan_asia_1.obf" count="8"/>
    <download name="Anguilla_centralamerica_1.poi.zip" count="10"/>
    <download name="Angola_africa_1.poi.zip" count="74"/>
    <download name="St_vincent_and_the_grenadines_centralamerica_1.poi.odb" count="9"/>
    <download name="St_lucia_centralamerica_1.obf" count="9"/>
    <download name="Anguilla_centralamerica_1.obf.zip" count="72"/>
    <download name="St_lucia_centralamerica_1.poi.odb" count="7"/>
<download name="not_exist" count="3"/><download name="Russia_nizhegorod_asia_1.poi.odb" count="2"/><download name="Russia_tatar_asia_1.poi.odb" count="1"/><download name="Russia_vladimir_asia_1.poi.odb" count="1"/><download name="Russia_yarosl_asia_1.poi.odb" count="1"/><download name="netherlands_europe_1.poi.zip" count="8"/><download name="Russia_perm_asia_1.poi.odb" count="1"/><download name="Us_massachusetts_north_america_1.obf.zip" count="2"/><download name="Us_massachusetts_north_america_1.poi.zip" count="2"/><download name="Us_florida_north_america_1.obf.zip" count="2"/><download name="Us_florida_north_america_1.poi.zip" count="2"/><download name="Us_new_jersey_north_america_1.obf.zip" count="2"/><download name="Us_new_jersey_north_america_1.poi.zip" count="2"/><download name="Us_pennsylvania_north_america_1.obf.zip" count="28"/><download name="Us_pennsylvania_north_america_1.poi.zip" count="1"/><download name="Russia_krasnoyarsk_asia_1.poi.odb" count="1"/><download name="Canada_1.poi.zip" count="81"/><download name="Us_new_hampshire_north_america_1.obf.zip" count="1"/><download name="Us_new_hampshire_north_america_1.poi.zip" count="1"/><download name="Us_new_york_north_america_1.obf.zip" count="6"/><download name="Us_new_york_north_america_1.poi.zip" count="3"/><download name="Us_vermont_north_america_1.obf.zip" count="1"/><download name="Us_vermont_north_america_1.poi.zip" count="1"/><download name="Us_rhode_island_north_america_1.obf.zip" count="1"/><download name="Us_rhode_island_north_america_1.poi.odb" count="1"/><download name="Us_connecticut_north_america_1.obf.zip" count="2"/><download name="Us_connecticut_north_america_1.poi.zip" count="2"/><download name="Us_maine_north_america_1.obf.zip" count="1"/><download name="Us_maine_north_america_1.poi.zip" count="1"/><download name="Italy_south_europe_1.obf.zip" count="42"/><download name="Italy_north_europe_1.obf.zip" count="32"/><download name="New_zealand_australia_1.poi.zip" count="83"/><download name="New_zealand_australia_1.obf.zip" count="108"/><download name="Us_north_carolina_north_america_1.poi.zip" count="1"/><download name="Us_tennessee_north_america_1.obf.zip" count="24"/><download name="Us_nevada_north_america_1.obf.zip" count="1"/><download name="" count="27"/><download name="Us_texas_north_america_1.poi.zip" count="1"/><download name="Us_illinois_north_america_1.poi.zip" count="1"/><download name="Us_illinois_north_america_1.obf.zip" count="1"/><download name="Us_colorado_north_america_1.obf.zip" count="2"/><download name="Us_oregon_north_america_1.obf.zip" count="1"/><download name="Us_oregon_north_america_1.poi.zip" count="1"/><download name="Uruguay_southamerica_1.poi.odb" count="1"/><download name="Us-midwest_1.poi.zip" count="81"/><download name="Us-northeast_1.poi.zip" count="66"/><download name="Us-pacific_1.poi.zip" count="66"/><download name="Us-south_1.poi.zip" count="58"/><download name="Us-west_1.poi.zip" count="66"/><download name="Us_west_virginia_north_america_1.obf.zip" count="25"/><download name="Us_south_carolina_north_america_1.obf.zip" count="13"/><download name="Us_washington_north_america_1.obf.zip" count="48"/><download name="Us_wisconsin_north_america_1.obf.zip" count="16"/><download name="Benelux_europe_1.obf.zip-1" count="118"/><download name="Benelux_europe_1.obf.zip-2" count="101"/><download name="Bolivia_1.obf.zip-1" count="11"/><download name="Bolivia_1.obf.zip-2" count="11"/></osmand_downloads>
