<?xml version="1.0"?>
<osmand_regions>
  <region date="28.09.2010" size="0.5" name="en_0.voice.zip" description="+ Voice data english"/>
  <region date="28.09.2010" size="0.8" name="es_0.voice.zip" description="+ Voice data espagnol"/>
  <region date="16.02.2011" size="1.1" name="fr_0.voice.zip" description="+ Voice data french"/>
  <region date="28.09.2010" size="0.7" name="ru_0.voice.zip" description="+ Voice data russian"/>
  <region date="29.11.2010" size="0.7" name="ru2_0.voice.zip" description="+ Voice data russian"/>
  <region date="3.12.2010" size="1.0" name="sk-Ruzena_0.voice.zip" description="+ Voice data slovak"/>
  <region date="02.12.2010" size="2.2" name="Afghanistan_asia_1.obf.zip" description="Map, Transport, Address index for Afghanistan asia"/>
  <region date="22.12.2010" size="70" name="Africa_1.obf.zip" description="Map, Transport, Address index for Africa"/>
  <region date="25.03.2011" size="1.9" name="Albania_europe_1.obf.zip" description="Map, Transport, Address index for Albania europe"/>
  <region date="04.03.2011" size="3.9" name="Algeria_africa_1.obf.zip" description="Map, Transport, Address index for Algeria africa"/>
  <region date="25.03.2011" size="0.1" name="Andorra_europe_1.obf.zip" description="Map, Transport, Address index for Andorra europe"/>
  <region date="04.03.2011" size="0.8" name="Angola_africa_1.obf.zip" description="Map, Transport, Address index for Angola africa"/>
  <region date="04.03.2011" size="0" name="Anguilla_centralamerica_1.obf.zip" description="Map, Transport, Address index for Anguilla centralamerica"/>
  <region date="17.12.2010" size="0.3" name="Antigua_and_barbuda_centralamerica_1.obf" description="Map, Transport, Address index for Antigua and barbuda centralamerica"/>
  <region date="31.03.2011" size="13.7" name="Argentina_southamerica_1.obf.zip" description="Map, Transport, Address index for Argentina southamerica"/>
  <region date="17.12.2010" size="0.3" name="Aruba_centralamerica_1.obf" description="Map, Transport, Address index for Aruba centralamerica"/>
  <region date="24.02.2011" size="94.5" name="Australia_oceania_1.obf.zip" description="Map, Transport, Address index for Australia oceania"/>
  <region date="25.03.2011" size="61.2" name="Austria_europe_1.obf.zip" description="Map, Transport, Address index for Austria europe"/>
  <region date="04.03.2011" size="13.2" name="Austria_Openmaps_eu_europe_1.obf.zip" description="Map, Transport, Address index for Austria Openmaps eu europe"/>
  <region date="17.12.2010" size="1.1" name="Bahamas_centralamerica_1.obf" description="Map, Transport, Address index for Bahamas centralamerica"/>
  <region date="17.12.2010" size="0.3" name="Bahrain_asia_1.obf" description="Map, Transport, Address index for Bahrain asia"/>
  <region date="17.12.2010" size="1.5" name="Bangladesh_asia_1.obf" description="Map, Transport, Address index for Bangladesh asia"/>
  <region date="17.12.2010" size="0.3" name="Barbados_centralamerica_1.obf" description="Map, Transport, Address index for Barbados centralamerica"/>
  <region date="25.03.2011" size="26.5" name="Belarus_europe_1.obf.zip" description="Map, Transport, Address index for Belarus europe"/>
  <region date="25.03.2011" size="32.3" name="Belgium_europe_1.obf.zip" description="Map, Transport, Address index for Belgium europe"/>
  <region date="17.12.2010" size="0.3" name="Belize_centralamerica_1.obf" description="Map, Transport, Address index for Belize centralamerica"/>
  <multiregion parts="2" date="05.04.2011" size="294" name="Benelux_europe_1.obf.zip" description="Map, Transport, Address index for Benelux europe"/>
  <region date="17.12.2010" size="0.1" name="Bermuda_centralamerica_1.obf" description="Map, Transport, Address index for Bermuda centralamerica"/>
  <region date="17.12.2010" size="0.1" name="Bhutan_asia_1.obf" description="Map, Transport, Address index for Bhutan asia"/>
  <region date="31.03.2011" size="2.4" name="Bolivia_southamerica_1.obf.zip" description="Map, Transport, Address index for Bolivia southamerica"/>
  <multiregion parts="2" date="03.04.2011" size="2.4" name="Bolivia_1.obf.zip" description="Map, Transport, Address index for Bolivia"/>
  <region date="25.02.2011" size="8.1" name="Bosnia_Openmaps_eu_europe_1.obf.zip" description="Map, Transport, Address index for Bosnia Openmaps eu europe"/>
  <region date="25.03.2011" size="4.8" name="Bosnia-herzegovina_europe_1.obf.zip" description="Map, Transport, Address index for Bosnia-herzegovina europe"/>
  <region date="31.03.2011" size="33.5" name="Brazil_southamerica_1.obf.zip" description="Map, Transport, Address index for Brazil southamerica"/>
  <region date="17.12.2010" size="0" name="British_indian_ocean_territory_asia_1.obf" description="Map, Transport, Address index for British indian ocean territory asia"/>
  <region date="17.12.2010" size="0.1" name="British_virgin_islands_centralamerica_1.obf" description="Map, Transport, Address index for British virgin islands centralamerica"/>
  <region date="17.12.2010" size="0.2" name="Brunei_asia_1.obf" description="Map, Transport, Address index for Brunei asia"/>
  <region date="25.03.2011" size="6.7" name="Bulgaria_europe_1.obf.zip" description="Map, Transport, Address index for Bulgaria europe"/>
  <region date="17.12.2010" size="0.8" name="Cambodia_asia_1.obf" description="Map, Transport, Address index for Cambodia asia"/>
  <region date="04.03.2011" size="20.7" name="Canada_alberta_northamerica_1.obf.zip" description="Map, Transport, Address index for Canada alberta northamerica"/>
  <region date="04.03.2011" size="41" name="Canada_british_columbia_northamerica_1.obf.zip" description="Map, Transport, Address index for Canada british columbia northamerica"/>
  <region date="04.03.2011" size="24.7" name="Canada_manitoba_northamerica_1.obf.zip" description="Map, Transport, Address index for Canada manitoba northamerica"/>
  <region date="04.03.2011" size="6.4" name="Canada_new_brunswick_northamerica_1.obf.zip" description="Map, Transport, Address index for Canada new brunswick northamerica"/>
  <region date="20.12.2010" size="4.5" name="Canada_newfoundland_northamerica_1.obf.zip" description="Map, Transport, Address index for Canada newfoundland northamerica"/>
  <region date="04.03.2011" size="10.3" name="Canada_nova_scotia_northamerica_1.obf.zip" description="Map, Transport, Address index for Canada nova scotia northamerica"/>
  <region date="04.03.2011" size="5.2" name="Canada_nunavut_northamerica_1.obf.zip" description="Map, Transport, Address index for Canada nunavut northamerica"/>
  <region date="20.12.2010" size="2.6" name="Canada_nw_territories_northamerica_1.obf.zip" description="Map, Transport, Address index for Canada nw territories northamerica"/>
  <region date="20.12.2010" size="87.8" name="Canada_ontario_northamerica_1.obf.zip" description="Map, Transport, Address index for Canada ontario northamerica"/>
  <region date="20.12.2010" size="0.5" name="Canada_pr_edwrd_island_northamerica_1.obf" description="Map, Transport, Address index for Canada pr edwrd island northamerica"/>
  <region date="20.12.2010" size="46.3" name="Canada_quebec_northamerica_1.obf.zip" description="Map, Transport, Address index for Canada quebec northamerica"/>
  <region date="20.12.2010" size="3.9" name="Canada_saskatchewan_northamerica_1.obf.zip" description="Map, Transport, Address index for Canada saskatchewan northamerica"/>
  <region date="20.12.2010" size="0.7" name="Canada_yukon_northamerica_1.obf" description="Map, Transport, Address index for Canada yukon northamerica"/>
  <region date="31.03.2011" size="15.1" name="Chile_southamerica_1.obf.zip" description="Map, Transport, Address index for Chile southamerica"/>
  <region date="17.12.2010" size="23.6" name="China_asia_1.obf.zip" description="Map, Transport, Address index for China asia"/>
  <region date="17.12.2010" size="0" name="Christmas_island_asia_1.obf" description="Map, Transport, Address index for Christmas island asia"/>
  <region date="31.03.2011" size="17.7" name="Colombia_southamerica_1.obf.zip" description="Map, Transport, Address index for Colombia southamerica"/>
  <region date="17.12.2010" size="1.6" name="Costa_rica_centralamerica_1.obf.zip" description="Map, Transport, Address index for Costa rica centralamerica"/>
  <region date="25.03.2011" size="8.8" name="Croatia_europe_1.obf.zip" description="Map, Transport, Address index for Croatia europe"/>
  <region date="20.02.2011" size="5.3" name="Croatia_Openmaps_eu_europe_1.obf.zip" description="Map, Transport, Address index for Croatia Openmaps eu europe"/>
  <region date="17.12.2010" size="2" name="Cuba_centralamerica_1.obf" description="Map, Transport, Address index for Cuba centralamerica"/>
  <region date="25.03.2011" size="2.5" name="Cyprus_europe_1.obf.zip" description="Map, Transport, Address index for Cyprus europe"/>
  <region date="25.03.2011" size="114.7" name="Czech_republic_europe_1.obf.zip" description="Map, Transport, Address index for Czech republic europe"/>
  <region date="22.02.2011" size="11" name="CzechRepublic_Openmaps_eu_europe_1.obf.zip" description="Map, Transport, Address index for CzechRepublic Openmaps eu europe"/>
  <region date="17.12.2010" size="0.3" name="Democratic_republic_of_timor-leste_asia_1.obf" description="Map, Transport, Address index for Democratic republic of timor-leste asia"/>
  <region date="25.03.2011" size="89.6" name="Denmark_europe_1.obf.zip" description="Map, Transport, Address index for Denmark europe"/>
  <region date="17.12.2010" size="0.1" name="Dominica_centralamerica_1.obf" description="Map, Transport, Address index for Dominica centralamerica"/>
  <region date="17.12.2010" size="2.2" name="Dominican_republic_centralamerica_1.obf.zip" description="Map, Transport, Address index for Dominican republic centralamerica"/>
  <region date="31.03.2011" size="6.3" name="Ecuador_southamerica_1.obf.zip" description="Map, Transport, Address index for Ecuador southamerica"/>
  <region date="17.12.2010" size="2.5" name="Egypt_africa_1.obf.zip" description="Map, Transport, Address index for Egypt africa"/>
  <region date="17.12.2010" size="1" name="El_salvador_centralamerica_1.obf" description="Map, Transport, Address index for El salvador centralamerica"/>
  <region date="25.03.2011" size="21.7" name="Estonia_europe_1.obf.zip" description="Map, Transport, Address index for Estonia europe"/>
  <region date="31.03.2011" size="0.3" name="Falkland_islands_southamerica_1.obf.zip" description="Map, Transport, Address index for Falkland islands southamerica"/>
  <region date="25.03.2011" size="1.2" name="Faroe_islands_europe_1.obf.zip" description="Map, Transport, Address index for Faroe islands europe"/>
  <region date="17.12.2010" size="0.1" name="Federation_of_saint_kitts_and_nevis_centralamerica_1.obf" description="Map, Transport, Address index for Federation of saint kitts and nevis centralamerica"/>
  <region date="25.03.2011" size="51.8" name="Finland_europe_1.obf.zip" description="Map, Transport, Address index for Finland europe"/>
  <region date="04.03.2011" size="19" name="France_alsace_europe_1.obf.zip" description="Map, Transport, Address index for France alsace europe"/>
  <region date="04.03.2011" size="28" name="France_aquitaine_europe_1.obf.zip" description="Map, Transport, Address index for France aquitaine europe"/>
  <region date="04.03.2011" size="19.6" name="France_auvergne_europe_1.obf.zip" description="Map, Transport, Address index for France auvergne europe"/>
  <region date="04.03.2011" size="8.9" name="France_basse-normandie_europe_1.obf.zip" description="Map, Transport, Address index for France basse-normandie europe"/>
  <region date="04.03.2011" size="12.6" name="France_bourgogne_europe_1.obf.zip" description="Map, Transport, Address index for France bourgogne europe"/>
  <region date="04.03.2011" size="50" name="France_bretagne_europe_1.obf.zip" description="Map, Transport, Address index for France bretagne europe"/>
  <region date="04.03.2011" size="24" name="France_centre_europe_1.obf.zip" description="Map, Transport, Address index for France centre europe"/>
  <region date="04.03.2011" size="12.1" name="France_champagne-ardenne_europe_1.obf.zip" description="Map, Transport, Address index for France champagne-ardenne europe"/>
  <region date="04.03.2011" size="3.8" name="France_corse_europe_1.obf.zip" description="Map, Transport, Address index for France corse europe"/>
  <region date="04.03.2011" size="13.5" name="France_franche-comte_europe_1.obf.zip" description="Map, Transport, Address index for France franche-comte europe"/>
  <region date="04.03.2011" size="11" name="France_haute-normandie_europe_1.obf.zip" description="Map, Transport, Address index for France haute-normandie europe"/>
  <region date="04.03.2011" size="38.1" name="France_ile-de-france_europe_1.obf.zip" description="Map, Transport, Address index for France ile-de-france europe"/>
  <region date="04.03.2011" size="32.8" name="France_languedoc-roussillon_europe_1.obf.zip" description="Map, Transport, Address index for France languedoc-roussillon europe"/>
  <region date="04.03.2011" size="12.7" name="France_limousin_europe_1.obf.zip" description="Map, Transport, Address index for France limousin europe"/>
  <region date="04.03.2011" size="16.8" name="France_lorraine_europe_1.obf.zip" description="Map, Transport, Address index for France lorraine europe"/>
  <region date="04.03.2011" size="40.6" name="France_midi-pyrenees_europe_1.obf.zip" description="Map, Transport, Address index for France midi-pyrenees europe"/>
  <region date="04.03.2011" size="22.9" name="France_nord-pas-de-calais_europe_1.obf.zip" description="Map, Transport, Address index for France nord-pas-de-calais europe"/>
  <region date="04.03.2011" size="45" name="France_pays-de-la-loire_europe_1.obf.zip" description="Map, Transport, Address index for France pays-de-la-loire europe"/>
  <region date="04.03.2011" size="9.2" name="France_picardie_europe_1.obf.zip" description="Map, Transport, Address index for France picardie europe"/>
  <region date="04.03.2011" size="40.9" name="France_poitou-charentes_europe_1.obf.zip" description="Map, Transport, Address index for France poitou-charentes europe"/>
  <region date="04.03.2011" size="42.8" name="France_provence-alpes-cote-d-azur_europe_1.obf.zip" description="Map, Transport, Address index for France provence-alpes-cote-d-azur europe"/>
  <region date="04.03.2011" size="49.1" name="France_rhone-alpes_europe_1.obf.zip" description="Map, Transport, Address index for France rhone-alpes europe"/>
  <region date="31.03.2011" size="1.2" name="French_guiana_southamerica_1.obf.zip" description="Map, Transport, Address index for French guiana southamerica"/>
  <region date="17.12.2010" size="0.9" name="Gaza_strip_asia_1.obf" description="Map, Transport, Address index for Gaza strip asia"/>
  <region date="04.03.2011" size="137.4" name="Gb_england_europe_1.obf.zip" description="Map, Transport, Address index for Gb england europe"/>
  <region date="04.03.2011" size="18.4" name="Gb_scotland_europe_1.obf.zip" description="Map, Transport, Address index for Gb scotland europe"/>
  <region date="04.03.2011" size="8.8" name="Gb_wales_europe_1.obf.zip" description="Map, Transport, Address index for Gb wales europe"/>
  <region date="13.03.2011" size="68.1" name="Germany_baden-wuerttemberg_europe_1.obf.zip" description="Map, Transport, Address index for Germany baden-wuerttemberg europe"/>
  <region date="25.03.2011" size="103.3" name="Germany_bayern_europe_1.obf.zip" description="Map, Transport, Address index for Germany bayern europe"/>
  <region date="25.03.2011" size="8.1" name="Germany_berlin_europe_1.obf.zip" description="Map, Transport, Address index for Germany berlin europe"/>
  <region date="25.03.2011" size="26.5" name="Germany_brandenburg_europe_1.obf.zip" description="Map, Transport, Address index for Germany brandenburg europe"/>
  <region date="25.03.2011" size="2.1" name="Germany_bremen_europe_1.obf.zip" description="Map, Transport, Address index for Germany bremen europe"/>
  <region date="25.03.2011" size="7.5" name="Germany_hamburg_europe_1.obf.zip" description="Map, Transport, Address index for Germany hamburg europe"/>
  <region date="25.03.2011" size="36.6" name="Germany_hessen_europe_1.obf.zip" description="Map, Transport, Address index for Germany hessen europe"/>
  <region date="25.03.2011" size="14.4" name="Germany_mecklenburg-vorpommern_europe_1.obf.zip" description="Map, Transport, Address index for Germany mecklenburg-vorpommern europe"/>
  <region date="25.03.2011" size="51.3" name="Germany_niedersachsen_europe_1.obf.zip" description="Map, Transport, Address index for Germany niedersachsen europe"/>
  <region date="25.03.2011" size="92.1" name="Germany_nordrhein-westfalen_europe_1.obf.zip" description="Map, Transport, Address index for Germany nordrhein-westfalen europe"/>
  <region date="25.03.2011" size="24" name="Germany_rheinland-pfalz_europe_1.obf.zip" description="Map, Transport, Address index for Germany rheinland-pfalz europe"/>
  <region date="25.03.2011" size="5.6" name="Germany_saarland_europe_1.obf.zip" description="Map, Transport, Address index for Germany saarland europe"/>
  <region date="25.03.2011" size="27.2" name="Germany_sachsen_europe_1.obf.zip" description="Map, Transport, Address index for Germany sachsen europe"/>
  <region date="25.03.2011" size="15.3" name="Germany_sachsen-anhalt_europe_1.obf.zip" description="Map, Transport, Address index for Germany sachsen-anhalt europe"/>
  <region date="25.03.2011" size="16.7" name="Germany_schleswig-holstein_europe_1.obf.zip" description="Map, Transport, Address index for Germany schleswig-holstein europe"/>
  <region date="25.03.2011" size="17.1" name="Germany_thueringen_europe_1.obf.zip" description="Map, Transport, Address index for Germany thueringen europe"/>
  <region date="26.02.2011" size="163.8" name="Great_britain_europe_1.obf.zip" description="Map, Transport, Address index for Great britain europe"/>
  <region date="25.03.2011" size="13.3" name="Greece_europe_1.obf.zip" description="Map, Transport, Address index for Greece europe"/>
  <region date="17.12.2010" size="4" name="Greenland_centralamerica_1.obf.zip" description="Map, Transport, Address index for Greenland centralamerica"/>
  <region date="17.12.2010" size="0.2" name="Grenada_centralamerica_1.obf" description="Map, Transport, Address index for Grenada centralamerica"/>
  <region date="17.12.2010" size="1.7" name="Guatemala_centralamerica_1.obf.zip" description="Map, Transport, Address index for Guatemala centralamerica"/>
  <region date="31.03.2011" size="0.6" name="Guyana_southamerica_1.obf.zip" description="Map, Transport, Address index for Guyana southamerica"/>
  <region date="17.12.2010" size="6.2" name="Haiti_centralamerica_1.obf.zip" description="Map, Transport, Address index for Haiti centralamerica"/>
  <region date="17.12.2010" size="1.8" name="Honduras_centralamerica_1.obf" description="Map, Transport, Address index for Honduras centralamerica"/>
  <region date="25.03.2011" size="13.6" name="Hungary_europe_1.obf.zip" description="Map, Transport, Address index for Hungary europe"/>
  <region date="05.03.2011" size="28.7" name="Hungary_Openmaps_eu_europe_1.obf.zip" description="Map, Transport, Address index for Hungary Openmaps eu europe"/>
  <region date="25.03.2011" size="3.2" name="Iceland_europe_1.obf.zip" description="Map, Transport, Address index for Iceland europe"/>
  <region date="17.12.2010" size="20.3" name="India_asia_1.obf.zip" description="Map, Transport, Address index for India asia"/>
  <region date="17.12.2010" size="7.2" name="Indonesia_asia_1.obf.zip" description="Map, Transport, Address index for Indonesia asia"/>
  <region date="17.12.2010" size="4.9" name="Iran_asia_1.obf.zip" description="Map, Transport, Address index for Iran asia"/>
  <region date="17.12.2010" size="1.9" name="Iraq_asia_1.obf.zip" description="Map, Transport, Address index for Iraq asia"/>
  <region date="25.03.2011" size="14.7" name="Ireland_europe_1.obf.zip" description="Map, Transport, Address index for Ireland europe"/>
  <region date="25.03.2011" size="0.6" name="Isle_of_man_europe_1.obf.zip" description="Map, Transport, Address index for Isle of man europe"/>
  <region date="17.12.2010" size="6.7" name="Israel_asia_1.obf.zip" description="Map, Transport, Address index for Israel asia"/>
  <region date="25.03.2011" size="124.1" name="Italy_europe_1.obf.zip" description="Map, Transport, Address index for Italy europe"/>
  <region date="17.12.2010" size="0.3" name="Jamaica_centralamerica_1.obf" description="Map, Transport, Address index for Jamaica centralamerica"/>
  <region date="21.12.2010" size="108.8" name="Japan_asia_1.obf.zip" description="Map, Transport, Address index for Japan asia"/>
  <region date="18.12.2010" size="1" name="Jordan_asia_1.obf" description="Map, Transport, Address index for Jordan asia"/>
  <region date="17.12.2010" size="6.8" name="Kazakhstan_asia_1.obf.zip" description="Map, Transport, Address index for Kazakhstan asia"/>
  <region date="25.03.2011" size="4" name="Kosovo_europe_1.obf.zip" description="Map, Transport, Address index for Kosovo europe"/>
  <region date="17.12.2010" size="0.2" name="Kuwait_asia_1.obf" description="Map, Transport, Address index for Kuwait asia"/>
  <region date="17.12.2010" size="1.9" name="Kyrgyzstan_asia_1.obf.zip" description="Map, Transport, Address index for Kyrgyzstan asia"/>
  <region date="17.12.2010" size="1.3" name="Laos_asia_1.obf" description="Map, Transport, Address index for Laos asia"/>
  <region date="25.03.2011" size="6.6" name="Latvia_europe_1.obf.zip" description="Map, Transport, Address index for Latvia europe"/>
  <region date="17.12.2010" size="2.2" name="Lebanon_asia_1.obf.zip" description="Map, Transport, Address index for Lebanon asia"/>
  <region date="25.03.2011" size="0.1" name="Liechtenstein_europe_1.obf.zip" description="Map, Transport, Address index for Liechtenstein europe"/>
  <region date="25.03.2011" size="6.8" name="Lithuania_europe_1.obf.zip" description="Map, Transport, Address index for Lithuania europe"/>
  <region date="25.03.2011" size="3.2" name="Luxembourg_europe_1.obf.zip" description="Map, Transport, Address index for Luxembourg europe"/>
  <region date="17.12.2010" size="0" name="Macau_asia_1.obf" description="Map, Transport, Address index for Macau asia"/>
  <region date="25.03.2011" size="2" name="Macedonia_europe_1.obf.zip" description="Map, Transport, Address index for Macedonia europe"/>
  <region date="17.12.2010" size="2.5" name="Madagascar_africa_1.obf.zip" description="Map, Transport, Address index for Madagascar africa"/>
  <region date="17.12.2010" size="3.2" name="Malaysia_asia_1.obf.zip" description="Map, Transport, Address index for Malaysia asia"/>
  <region date="17.12.2010" size="0" name="Maldives_asia_1.obf" description="Map, Transport, Address index for Maldives asia"/>
  <region date="25.03.2011" size="0.5" name="Malta_europe_1.obf.zip" description="Map, Transport, Address index for Malta europe"/>
  <region date="17.12.2010" size="0.8" name="Martinique_centralamerica_1.obf" description="Map, Transport, Address index for Martinique centralamerica"/>
  <region date="17.12.2010" size="31" name="Mexico_centralamerica_1.obf.zip" description="Map, Transport, Address index for Mexico centralamerica"/>
  <region date="25.03.2011" size="4.2" name="Moldova_europe_1.obf.zip" description="Map, Transport, Address index for Moldova europe"/>
  <region date="25.03.2011" size="0.1" name="Monaco_europe_1.obf.zip" description="Map, Transport, Address index for Monaco europe"/>
  <region date="17.12.2010" size="1.8" name="Mongolia_asia_1.obf" description="Map, Transport, Address index for Mongolia asia"/>
  <region date="25.03.2011" size="0.6" name="Montenegro_europe_1.obf.zip" description="Map, Transport, Address index for Montenegro europe"/>
  <region date="22.02.2011" size="2" name="Montenegro_Openmaps_eu_europe_1.obf.zip" description="Map, Transport, Address index for Montenegro Openmaps eu europe"/>
  <region date="17.12.2010" size="2" name="Morocco_africa_1.obf.zip" description="Map, Transport, Address index for Morocco africa"/>
  <region date="17.12.2010" size="0.8" name="Nepal_asia_1.obf" description="Map, Transport, Address index for Nepal asia"/>
  <region date="17.12.2010" size="0.4" name="Netherlands_antilles_centralamerica_1.obf" description="Map, Transport, Address index for Netherlands antilles centralamerica"/>
  <multiregion parts="2" date="25.03.2011" size="240" name="Netherlands_europe_1.obf.zip" description="Map, Transport, Address index for Netherlands europe"/>
  <region date="03.12.2010" size="7.8" name="New_zealand_australia_1.obf.zip" description="Map, Transport, Address index for New zealand australia"/>
  <region date="21.12.2010" size="8.4" name="New_zealand_oceania_1.obf.zip" description="Map, Transport, Address index for New zealand oceania"/>
  <region date="17.12.2010" size="1.1" name="Nicaragua_centralamerica_1.obf" description="Map, Transport, Address index for Nicaragua centralamerica"/>
  <region date="17.12.2010" size="1.9" name="North_korea_asia_1.obf" description="Map, Transport, Address index for North korea asia"/>
  <region date="25.03.2011" size="32.2" name="Norway_europe_1.obf.zip" description="Map, Transport, Address index for Norway europe"/>
  <region date="17.12.2010" size="1.3" name="Oman_asia_1.obf" description="Map, Transport, Address index for Oman asia"/>
  <region date="17.12.2010" size="5.6" name="Pakistan_asia_1.obf.zip" description="Map, Transport, Address index for Pakistan asia"/>
  <region date="17.12.2010" size="1.9" name="Panama_centralamerica_1.obf" description="Map, Transport, Address index for Panama centralamerica"/>
  <region date="31.03.2011" size="0.6" name="Paraguay_southamerica_1.obf.zip" description="Map, Transport, Address index for Paraguay southamerica"/>
  <region date="31.03.2011" size="4.1" name="Peru_southamerica_1.obf.zip" description="Map, Transport, Address index for Peru southamerica"/>
  <region date="17.12.2010" size="9.8" name="Philippines_asia_1.obf.zip" description="Map, Transport, Address index for Philippines asia"/>
  <region date="25.03.2011" size="67.2" name="Poland_europe_1.obf.zip" description="Map, Transport, Address index for Poland europe"/>
  <region date="25.03.2011" size="9.5" name="Portugal_europe_1.obf.zip" description="Map, Transport, Address index for Portugal europe"/>
  <region date="17.12.2010" size="7.2" name="Puerto_rico_centralamerica_1.obf.zip" description="Map, Transport, Address index for Puerto rico centralamerica"/>
  <region date="17.12.2010" size="0.3" name="Qatar_asia_1.obf" description="Map, Transport, Address index for Qatar asia"/>
  <region date="25.03.2011" size="65.5" name="Romania_europe_1.obf.zip" description="Map, Transport, Address index for Romania europe"/>
  <region date="05.03.2011" size="32" name="Romania_Openmaps_eu_europe_1.obf.zip" description="Map, Transport, Address index for Romania Openmaps eu europe"/>
  <region date="20.12.2010" size="3.4" name="Russia_adygeya_asia_1.obf.zip" description="Map, Transport, Address index for Russia adygeya asia"/>
  <region date="20.12.2010" size="0.8" name="Russia_altay_asia_1.obf" description="Map, Transport, Address index for Russia altay asia"/>
  <region date="20.12.2010" size="2.4" name="Russia_altayskiy_asia_1.obf.zip" description="Map, Transport, Address index for Russia altayskiy asia"/>
  <region date="20.12.2010" size="0.8" name="Russia_amur_asia_1.obf" description="Map, Transport, Address index for Russia amur asia"/>
  <region date="20.12.2010" size="3" name="Russia_arkhan_asia_1.obf.zip" description="Map, Transport, Address index for Russia arkhan asia"/>
  <region date="20.12.2010" size="0.4" name="Russia_astrakhan_asia_1.obf" description="Map, Transport, Address index for Russia astrakhan asia"/>
  <region date="20.12.2010" size="3.3" name="Russia_bashkir_asia_1.obf.zip" description="Map, Transport, Address index for Russia bashkir asia"/>
  <region date="20.12.2010" size="2.3" name="Russia_belgorod_asia_1.obf.zip" description="Map, Transport, Address index for Russia belgorod asia"/>
  <region date="20.12.2010" size="1.6" name="Russia_bryansk_asia_1.obf" description="Map, Transport, Address index for Russia bryansk asia"/>
  <region date="20.12.2010" size="1.3" name="Russia_buryat_asia_1.obf" description="Map, Transport, Address index for Russia buryat asia"/>
  <region date="20.12.2010" size="0.9" name="Russia_chechen_asia_1.obf" description="Map, Transport, Address index for Russia chechen asia"/>
  <region date="20.12.2010" size="4.8" name="Russia_chel_asia_1.obf.zip" description="Map, Transport, Address index for Russia chel asia"/>
  <region date="20.12.2010" size="1.5" name="Russia_chukot_asia_1.obf" description="Map, Transport, Address index for Russia chukot asia"/>
  <region date="20.12.2010" size="1.4" name="Russia_chuvash_asia_1.obf" description="Map, Transport, Address index for Russia chuvash asia"/>
  <region date="20.12.2010" size="1.4" name="Russia_dagestan_asia_1.obf" description="Map, Transport, Address index for Russia dagestan asia"/>
  <region date="20.12.2010" size="0.6" name="Russia_evrey_asia_1.obf" description="Map, Transport, Address index for Russia evrey asia"/>
  <region date="20.12.2010" size="0.5" name="Russia_ingush_asia_1.obf" description="Map, Transport, Address index for Russia ingush asia"/>
  <region date="20.12.2010" size="2.2" name="Russia_irkutsk_asia_1.obf.zip" description="Map, Transport, Address index for Russia irkutsk asia"/>
  <region date="20.12.2010" size="2" name="Russia_ivanov_asia_1.obf" description="Map, Transport, Address index for Russia ivanov asia"/>
  <region date="20.12.2010" size="0.7" name="Russia_kabardin_asia_1.obf" description="Map, Transport, Address index for Russia kabardin asia"/>
  <region date="20.12.2010" size="1.9" name="Russia_kalinin_asia_1.obf" description="Map, Transport, Address index for Russia kalinin asia"/>
  <region date="20.12.2010" size="0.4" name="Russia_kalmyk_asia_1.obf" description="Map, Transport, Address index for Russia kalmyk asia"/>
  <region date="20.12.2010" size="1.9" name="Russia_kaluzh_asia_1.obf.zip" description="Map, Transport, Address index for Russia kaluzh asia"/>
  <region date="20.12.2010" size="1.1" name="Russia_kamch_asia_1.obf" description="Map, Transport, Address index for Russia kamch asia"/>
  <region date="20.12.2010" size="1.7" name="Russia_karach_asia_1.obf.zip" description="Map, Transport, Address index for Russia karach asia"/>
  <region date="20.12.2010" size="5.5" name="Russia_karel_asia_1.obf.zip" description="Map, Transport, Address index for Russia karel asia"/>
  <region date="20.12.2010" size="2.4" name="Russia_kemerovo_asia_1.obf.zip" description="Map, Transport, Address index for Russia kemerovo asia"/>
  <region date="20.12.2010" size="2" name="Russia_khabar_asia_1.obf" description="Map, Transport, Address index for Russia khabar asia"/>
  <region date="20.12.2010" size="0.9" name="Russia_khakas_asia_1.obf" description="Map, Transport, Address index for Russia khakas asia"/>
  <region date="20.12.2010" size="2.2" name="Russia_khanty_asia_1.obf.zip" description="Map, Transport, Address index for Russia khanty asia"/>
  <region date="20.12.2010" size="2.7" name="Russia_kirov_asia_1.obf.zip" description="Map, Transport, Address index for Russia kirov asia"/>
  <region date="20.12.2010" size="2.2" name="Russia_komi_asia_1.obf.zip" description="Map, Transport, Address index for Russia komi asia"/>
  <region date="20.12.2010" size="1.4" name="Russia_kostrom_asia_1.obf" description="Map, Transport, Address index for Russia kostrom asia"/>
  <region date="20.12.2010" size="10.3" name="Russia_krasnodar_asia_1.obf.zip" description="Map, Transport, Address index for Russia krasnodar asia"/>
  <region date="20.12.2010" size="5.7" name="Russia_krasnoyarsk_asia_1.obf.zip" description="Map, Transport, Address index for Russia krasnoyarsk asia"/>
  <region date="20.12.2010" size="1" name="Russia_kurgan_asia_1.obf" description="Map, Transport, Address index for Russia kurgan asia"/>
  <region date="20.12.2010" size="2.4" name="Russia_kursk_asia_1.obf.zip" description="Map, Transport, Address index for Russia kursk asia"/>
  <region date="20.12.2010" size="9.3" name="Russia_leningrad_asia_1.obf.zip" description="Map, Transport, Address index for Russia leningrad asia"/>
  <region date="20.12.2010" size="1.2" name="Russia_lipetsk_asia_1.obf" description="Map, Transport, Address index for Russia lipetsk asia"/>
  <region date="20.12.2010" size="0.6" name="Russia_magadan_asia_1.obf" description="Map, Transport, Address index for Russia magadan asia"/>
  <region date="20.12.2010" size="1.8" name="Russia_mariyel_asia_1.obf.zip" description="Map, Transport, Address index for Russia mariyel asia"/>
  <region date="20.12.2010" size="0.7" name="Russia_mordov_asia_1.obf" description="Map, Transport, Address index for Russia mordov asia"/>
  <region date="20.12.2010" size="8.3" name="Russia_moscow_asia_1.obf.zip" description="Map, Transport, Address index for Russia moscow asia"/>
  <region date="20.12.2010" size="17.1" name="Russia_mosobl_asia_1.obf.zip" description="Map, Transport, Address index for Russia mosobl asia"/>
  <region date="20.12.2010" size="5.2" name="Russia_murmansk_asia_1.obf.zip" description="Map, Transport, Address index for Russia murmansk asia"/>
  <region date="20.12.2010" size="1.8" name="Russia_nenec_asia_1.obf" description="Map, Transport, Address index for Russia nenec asia"/>
  <region date="20.12.2010" size="3.5" name="Russia_nizhegorod_asia_1.obf.zip" description="Map, Transport, Address index for Russia nizhegorod asia"/>
  <region date="20.12.2010" size="3.2" name="Russia_novgorod_asia_1.obf.zip" description="Map, Transport, Address index for Russia novgorod asia"/>
  <region date="20.12.2010" size="4" name="Russia_novosib_asia_1.obf.zip" description="Map, Transport, Address index for Russia novosib asia"/>
  <region date="20.12.2010" size="2.4" name="Russia_omsk_asia_1.obf.zip" description="Map, Transport, Address index for Russia omsk asia"/>
  <region date="20.12.2010" size="1.8" name="Russia_orenburg_asia_1.obf.zip" description="Map, Transport, Address index for Russia orenburg asia"/>
  <region date="20.12.2010" size="0.7" name="Russia_orlovsk_asia_1.obf" description="Map, Transport, Address index for Russia orlovsk asia"/>
  <region date="20.12.2010" size="0.5" name="Russia_osetiya_asia_1.obf" description="Map, Transport, Address index for Russia osetiya asia"/>
  <region date="20.12.2010" size="1.4" name="Russia_penz_asia_1.obf" description="Map, Transport, Address index for Russia penz asia"/>
  <region date="20.12.2010" size="5.8" name="Russia_perm_asia_1.obf.zip" description="Map, Transport, Address index for Russia perm asia"/>
  <region date="20.12.2010" size="1.1" name="Russia_prim_asia_1.obf" description="Map, Transport, Address index for Russia prim asia"/>
  <region date="20.12.2010" size="2.9" name="Russia_pskov_asia_1.obf.zip" description="Map, Transport, Address index for Russia pskov asia"/>
  <region date="20.12.2010" size="2.7" name="Russia_rostov_asia_1.obf.zip" description="Map, Transport, Address index for Russia rostov asia"/>
  <region date="20.12.2010" size="1.8" name="Russia_ryazan_asia_1.obf.zip" description="Map, Transport, Address index for Russia ryazan asia"/>
  <region date="20.12.2010" size="1" name="Russia_sakhalin_asia_1.obf" description="Map, Transport, Address index for Russia sakhalin asia"/>
  <region date="20.12.2010" size="4.4" name="Russia_samar_asia_1.obf.zip" description="Map, Transport, Address index for Russia samar asia"/>
  <region date="20.12.2010" size="1.5" name="Russia_saratov_asia_1.obf" description="Map, Transport, Address index for Russia saratov asia"/>
  <region date="20.12.2010" size="1.6" name="Russia_smol_asia_1.obf.zip" description="Map, Transport, Address index for Russia smol asia"/>
  <region date="20.12.2010" size="1.8" name="Russia_stavrop_asia_1.obf" description="Map, Transport, Address index for Russia stavrop asia"/>
  <region date="20.12.2010" size="4.4" name="Russia_stpeter_asia_1.obf.zip" description="Map, Transport, Address index for Russia stpeter asia"/>
  <region date="20.12.2010" size="6.1" name="Russia_sverdl_asia_1.obf.zip" description="Map, Transport, Address index for Russia sverdl asia"/>
  <region date="20.12.2010" size="0.7" name="Russia_tambov_asia_1.obf" description="Map, Transport, Address index for Russia tambov asia"/>
  <region date="20.12.2010" size="3.8" name="Russia_tatar_asia_1.obf.zip" description="Map, Transport, Address index for Russia tatar asia"/>
  <region date="20.12.2010" size="1.5" name="Russia_tomsk_asia_1.obf" description="Map, Transport, Address index for Russia tomsk asia"/>
  <region date="20.12.2010" size="1.9" name="Russia_tul_asia_1.obf.zip" description="Map, Transport, Address index for Russia tul asia"/>
  <region date="20.12.2010" size="1.8" name="Russia_tumen_asia_1.obf.zip" description="Map, Transport, Address index for Russia tumen asia"/>
  <region date="21.12.2010" size="5.9" name="Russia_tver_asia_1.obf.zip" description="Map, Transport, Address index for Russia tver asia"/>
  <region date="21.12.2010" size="0.4" name="Russia_tyva_asia_1.obf" description="Map, Transport, Address index for Russia tyva asia"/>
  <region date="21.12.2010" size="2.4" name="Russia_udmurt_asia_1.obf.zip" description="Map, Transport, Address index for Russia udmurt asia"/>
  <region date="21.12.2010" size="1.1" name="Russia_ulyan_asia_1.obf" description="Map, Transport, Address index for Russia ulyan asia"/>
  <region date="21.12.2010" size="3.3" name="Russia_vladimir_asia_1.obf.zip" description="Map, Transport, Address index for Russia vladimir asia"/>
  <region date="21.12.2010" size="1.7" name="Russia_volgograd_asia_1.obf" description="Map, Transport, Address index for Russia volgograd asia"/>
  <region date="21.12.2010" size="4.2" name="Russia_vologda_asia_1.obf.zip" description="Map, Transport, Address index for Russia vologda asia"/>
  <region date="21.12.2010" size="2.5" name="Russia_voronezh_asia_1.obf.zip" description="Map, Transport, Address index for Russia voronezh asia"/>
  <region date="21.12.2010" size="5" name="Russia_yakut_asia_1.obf.zip" description="Map, Transport, Address index for Russia yakut asia"/>
  <region date="21.12.2010" size="1.9" name="Russia_yamal_asia_1.obf" description="Map, Transport, Address index for Russia yamal asia"/>
  <region date="21.12.2010" size="3.8" name="Russia_yarosl_asia_1.obf.zip" description="Map, Transport, Address index for Russia yarosl asia"/>
  <region date="21.12.2010" size="1.2" name="Russia_zabaikal_asia_1.obf" description="Map, Transport, Address index for Russia zabaikal asia"/>
  <region date="21.12.2010" size="165.8" name="Russian_federation_asia_1.obf.zip" description="Map, Transport, Address index for Russian federation asia"/>
  <region date="17.12.2010" size="3.9" name="Saudi_arabia_asia_1.obf.zip" description="Map, Transport, Address index for Saudi arabia asia"/>
  <region date="25.03.2011" size="9.9" name="Serbia_europe_1.obf.zip" description="Map, Transport, Address index for Serbia europe"/>
  <region date="08.02.2011" size="6.7" name="Serbia_Openmaps_eu_europe_1.obf.zip" description="Map, Transport, Address index for Serbia Openmaps eu europe"/>
  <region date="17.12.2010" size="1.1" name="Singapore_asia_1.obf" description="Map, Transport, Address index for Singapore asia"/>
  <region date="11.04.2011" size="43.2" name="Slovakia_europe_1.obf.zip" description="Map, Transport, Address index for Slovakia europe"/>
  <region date="05.03.2011" size="7" name="Slovakia_Openmaps_eu_europe_1.obf.zip" description="Map, Transport, Address index for Slovakia Openmaps eu europe"/>
  <region date="25.03.2011" size="4.1" name="Slovenia_europe_1.obf.zip" description="Map, Transport, Address index for Slovenia europe"/>
  <region date="30.01.2011" size="4.1" name="Slovenia_Openmaps_eu_europe_1.obf.zip" description="Map, Transport, Address index for Slovenia Openmaps eu europe"/>
  <region date="17.12.2010" size="16.6" name="South_africa_and_lesotho_africa_1.obf.zip" description="Map, Transport, Address index for South africa and lesotho africa"/>
  <region date="17.12.2010" size="11.9" name="South_korea_asia_1.obf.zip" description="Map, Transport, Address index for South korea asia"/>
  <region date="25.03.2011" size="97.3" name="Spain_europe_1.obf.zip" description="Map, Transport, Address index for Spain europe"/>
  <region date="17.12.2010" size="1" name="Sri_lanka_asia_1.obf" description="Map, Transport, Address index for Sri lanka asia"/>
  <region date="17.12.2010" size="0.1" name="St_lucia_centralamerica_1.obf" description="Map, Transport, Address index for St lucia centralamerica"/>
  <region date="17.12.2010" size="0.1" name="St_pierre_and_miquelon_centralamerica_1.obf" description="Map, Transport, Address index for St pierre and miquelon centralamerica"/>
  <region date="17.12.2010" size="0.1" name="St_vincent_and_the_grenadines_centralamerica_1.obf" description="Map, Transport, Address index for St vincent and the grenadines centralamerica"/>
  <region date="31.03.2011" size="0.3" name="Suriname_southamerica_1.obf.zip" description="Map, Transport, Address index for Suriname southamerica"/>
  <region date="25.03.2011" size="51.2" name="Sweden_europe_1.obf.zip" description="Map, Transport, Address index for Sweden europe"/>
  <region date="25.03.2011" size="41.1" name="Switzerland_europe_1.obf.zip" description="Map, Transport, Address index for Switzerland europe"/>
  <region date="17.12.2010" size="2.3" name="Syria_asia_1.obf.zip" description="Map, Transport, Address index for Syria asia"/>
  <region date="17.12.2010" size="1.6" name="Taiwan_asia_1.obf.zip" description="Map, Transport, Address index for Taiwan asia"/>
  <region date="17.12.2010" size="1.5" name="Tajikistan_asia_1.obf" description="Map, Transport, Address index for Tajikistan asia"/>
  <region date="17.12.2010" size="4.8" name="Thailand_asia_1.obf.zip" description="Map, Transport, Address index for Thailand asia"/>
  <region date="17.12.2010" size="0.2" name="Trinidad_and_tobago_centralamerica_1.obf" description="Map, Transport, Address index for Trinidad and tobago centralamerica"/>
  <region date="25.03.2011" size="12.6" name="Turkey_europe_1.obf.zip" description="Map, Transport, Address index for Turkey europe"/>
  <region date="17.12.2010" size="0.6" name="Turkmenistan_asia_1.obf" description="Map, Transport, Address index for Turkmenistan asia"/>
  <region date="25.03.2011" size="17.8" name="Ukraine_europe_1.obf.zip" description="Map, Transport, Address index for Ukraine europe"/>
  <region date="17.12.2010" size="2.4" name="Union_of_myanmar_asia_1.obf.zip" description="Map, Transport, Address index for Union of myanmar asia"/>
  <region date="17.12.2010" size="1.8" name="United_arab_emirates_asia_1.obf" description="Map, Transport, Address index for United arab emirates asia"/>
  <region date="31.03.2011" size="7.4" name="Uruguay_southamerica_1.obf.zip" description="Map, Transport, Address index for Uruguay southamerica"/>
  <region date="19.12.2010" size="29.7" name="Us_alabama_northamerica_1.obf.zip" description="Map, Transport, Address index for Us alabama northamerica"/>
  <region date="19.12.2010" size="6.8" name="Us_alaska_northamerica_1.obf.zip" description="Map, Transport, Address index for Us alaska northamerica"/>
  <region date="19.12.2010" size="27.5" name="Us_arizona_northamerica_1.obf.zip" description="Map, Transport, Address index for Us arizona northamerica"/>
  <region date="19.12.2010" size="22.7" name="Us_arkansas_northamerica_1.obf.zip" description="Map, Transport, Address index for Us arkansas northamerica"/>
  <region date="20.12.2010" size="165.4" name="Us_california_northamerica_1.obf.zip" description="Map, Transport, Address index for Us california northamerica"/>
  <region date="19.12.2010" size="46.6" name="Us_colorado_northamerica_1.obf.zip" description="Map, Transport, Address index for Us colorado northamerica"/>
  <region date="19.12.2010" size="9.1" name="Us_connecticut_northamerica_1.obf.zip" description="Map, Transport, Address index for Us connecticut northamerica"/>
  <region date="19.12.2010" size="5.2" name="Us_delaware_northamerica_1.obf.zip" description="Map, Transport, Address index for Us delaware northamerica"/>
  <region date="19.12.2010" size="5.1" name="Us_district_of_columbia_northamerica_1.obf.zip" description="Map, Transport, Address index for Us district of columbia northamerica"/>
  <region date="19.12.2010" size="46.9" name="Us_florida_northamerica_1.obf.zip" description="Map, Transport, Address index for Us florida northamerica"/>
  <region date="19.12.2010" size="97.2" name="Us_georgia_northamerica_1.obf.zip" description="Map, Transport, Address index for Us georgia northamerica"/>
  <region date="19.12.2010" size="3.3" name="Us_hawaii_northamerica_1.obf.zip" description="Map, Transport, Address index for Us hawaii northamerica"/>
  <region date="19.12.2010" size="26" name="Us_idaho_northamerica_1.obf.zip" description="Map, Transport, Address index for Us idaho northamerica"/>
  <region date="19.12.2010" size="55.9" name="Us_illinois_northamerica_1.obf.zip" description="Map, Transport, Address index for Us illinois northamerica"/>
  <region date="19.12.2010" size="29.8" name="Us_indiana_northamerica_1.obf.zip" description="Map, Transport, Address index for Us indiana northamerica"/>
  <region date="19.12.2010" size="38.3" name="Us_iowa_northamerica_1.obf.zip" description="Map, Transport, Address index for Us iowa northamerica"/>
  <region date="19.12.2010" size="30" name="Us_kansas_northamerica_1.obf.zip" description="Map, Transport, Address index for Us kansas northamerica"/>
  <region date="19.12.2010" size="46.3" name="Us_kentucky_northamerica_1.obf.zip" description="Map, Transport, Address index for Us kentucky northamerica"/>
  <region date="19.12.2010" size="32.8" name="Us_louisiana_northamerica_1.obf.zip" description="Map, Transport, Address index for Us louisiana northamerica"/>
  <region date="19.12.2010" size="9.9" name="Us_maine_northamerica_1.obf.zip" description="Map, Transport, Address index for Us maine northamerica"/>
  <region date="19.12.2010" size="42.8" name="Us_maryland_northamerica_1.obf.zip" description="Map, Transport, Address index for Us maryland northamerica"/>
  <region date="19.12.2010" size="42.2" name="Us_massachusetts_northamerica_1.obf.zip" description="Map, Transport, Address index for Us massachusetts northamerica"/>
  <region date="19.12.2010" size="35.7" name="Us_michigan_northamerica_1.obf.zip" description="Map, Transport, Address index for Us michigan northamerica"/>
  <region date="19.12.2010" size="65" name="Us_minnesota_northamerica_1.obf.zip" description="Map, Transport, Address index for Us minnesota northamerica"/>
  <region date="19.12.2010" size="20.8" name="Us_mississippi_northamerica_1.obf.zip" description="Map, Transport, Address index for Us mississippi northamerica"/>
  <region date="19.12.2010" size="48.9" name="Us_missouri_northamerica_1.obf.zip" description="Map, Transport, Address index for Us missouri northamerica"/>
  <region date="19.12.2010" size="21.2" name="Us_montana_northamerica_1.obf.zip" description="Map, Transport, Address index for Us montana northamerica"/>
  <region date="19.12.2010" size="18.4" name="Us_nebraska_northamerica_1.obf.zip" description="Map, Transport, Address index for Us nebraska northamerica"/>
  <region date="19.12.2010" size="52.3" name="Us_nevada_northamerica_1.obf.zip" description="Map, Transport, Address index for Us nevada northamerica"/>
  <region date="19.12.2010" size="13.6" name="Us_new_hampshire_northamerica_1.obf.zip" description="Map, Transport, Address index for Us new hampshire northamerica"/>
  <region date="19.12.2010" size="33.5" name="Us_new_jersey_northamerica_1.obf.zip" description="Map, Transport, Address index for Us new jersey northamerica"/>
  <region date="19.12.2010" size="23.4" name="Us_new_mexico_northamerica_1.obf.zip" description="Map, Transport, Address index for Us new mexico northamerica"/>
  <region date="19.12.2010" size="48.8" name="Us_new_york_northamerica_1.obf.zip" description="Map, Transport, Address index for Us new york northamerica"/>
  <region date="20.12.2010" size="134.2" name="Us_north_carolina_northamerica_1.obf.zip" description="Map, Transport, Address index for Us north carolina northamerica"/>
  <region date="19.12.2010" size="21" name="Us_north_dakota_northamerica_1.obf.zip" description="Map, Transport, Address index for Us north dakota northamerica"/>
  <region date="19.12.2010" size="42.3" name="Us_ohio_northamerica_1.obf.zip" description="Map, Transport, Address index for Us ohio northamerica"/>
  <region date="19.12.2010" size="35.7" name="Us_oklahoma_northamerica_1.obf.zip" description="Map, Transport, Address index for Us oklahoma northamerica"/>
  <region date="19.12.2010" size="32.7" name="Us_oregon_northamerica_1.obf.zip" description="Map, Transport, Address index for Us oregon northamerica"/>
  <region date="04.12.2010" size="48.9" name="Us_pennsylvania_north_america_1.obf.zip" description="Map, Transport, Address index for Us pennsylvania north america"/>
  <region date="19.12.2010" size="49" name="Us_pennsylvania_northamerica_1.obf.zip" description="Map, Transport, Address index for Us pennsylvania northamerica"/>
  <region date="19.12.2010" size="3.1" name="Us_rhode_island_northamerica_1.obf.zip" description="Map, Transport, Address index for Us rhode island northamerica"/>
  <region date="04.12.2010" size="63.1" name="Us_south_carolina_north_america_1.obf.zip" description="Map, Transport, Address index for Us south carolina north america"/>
  <region date="19.12.2010" size="63.1" name="Us_south_carolina_northamerica_1.obf.zip" description="Map, Transport, Address index for Us south carolina northamerica"/>
  <region date="19.12.2010" size="12.3" name="Us_south_dakota_northamerica_1.obf.zip" description="Map, Transport, Address index for Us south dakota northamerica"/>
  <region date="04.12.2010" size="32.7" name="Us_tennessee_north_america_1.obf.zip" description="Map, Transport, Address index for Us tennessee north america"/>
  <region date="19.12.2010" size="32.8" name="Us_tennessee_northamerica_1.obf.zip" description="Map, Transport, Address index for Us tennessee northamerica"/>
  <region date="20.12.2010" size="122.4" name="Us_texas_northamerica_1.obf.zip" description="Map, Transport, Address index for Us texas northamerica"/>
  <region date="19.12.2010" size="16.6" name="Us_utah_northamerica_1.obf.zip" description="Map, Transport, Address index for Us utah northamerica"/>
  <region date="19.12.2010" size="10.3" name="Us_vermont_northamerica_1.obf.zip" description="Map, Transport, Address index for Us vermont northamerica"/>
  <region date="20.12.2010" size="116.2" name="Us_virginia_northamerica_1.obf.zip" description="Map, Transport, Address index for Us virginia northamerica"/>
  <region date="04.12.2010" size="32.7" name="Us_washington_north_america_1.obf.zip" description="Map, Transport, Address index for Us washington north america"/>
  <region date="19.12.2010" size="32.8" name="Us_washington_northamerica_1.obf.zip" description="Map, Transport, Address index for Us washington northamerica"/>
  <region date="04.12.2010" size="49.6" name="Us_west_virginia_north_america_1.obf.zip" description="Map, Transport, Address index for Us west virginia north america"/>
  <region date="19.12.2010" size="49.7" name="Us_west_virginia_northamerica_1.obf.zip" description="Map, Transport, Address index for Us west virginia northamerica"/>
  <region date="04.12.2010" size="41.4" name="Us_wisconsin_north_america_1.obf.zip" description="Map, Transport, Address index for Us wisconsin north america"/>
  <region date="19.12.2010" size="41.5" name="Us_wisconsin_northamerica_1.obf.zip" description="Map, Transport, Address index for Us wisconsin northamerica"/>
  <region date="20.12.2010" size="12" name="Us_wyoming_northamerica_1.obf.zip" description="Map, Transport, Address index for Us wyoming northamerica"/>
  <region date="17.12.2010" size="1.9" name="Uzbekistan_asia_1.obf" description="Map, Transport, Address index for Uzbekistan asia"/>
  <region date="31.03.2011" size="3.3" name="Venezuela_southamerica_1.obf.zip" description="Map, Transport, Address index for Venezuela southamerica"/>
  <region date="17.12.2010" size="3.2" name="Vietnam_asia_1.obf.zip" description="Map, Transport, Address index for Vietnam asia"/>
  <region date="17.12.2010" size="0.4" name="Virgin_islands_centralamerica_1.obf" description="Map, Transport, Address index for Virgin islands centralamerica"/>
  <region date="05.03.2011" size="0.5" name="Yemen_asia_1.obf.zip" description="Map, Transport, Address index for Yemen asia"/>
  <region date="02.12.2010" size="0.2" name="Afghanistan_asia_1.poi.odb" description="POI index for Afghanistan asia"/>
  <region date="22.12.2010" size="13.3" name="Africa_1.poi.zip" description="POI index for Africa"/>
  <region date="25.03.2011" size="0.3" name="Albania_europe_1.poi.zip" description="POI index for Albania europe"/>
  <region date="04.03.2011" size="0.3" name="Algeria_africa_1.poi.zip" description="POI index for Algeria africa"/>
  <region date="25.03.2011" size="0" name="Andorra_europe_1.poi.zip" description="POI index for Andorra europe"/>
  <region date="04.03.2011" size="0.1" name="Angola_africa_1.poi.zip" description="POI index for Angola africa"/>
  <region date="17.12.2010" size="0.1" name="Antigua_and_barbuda_centralamerica_1.poi.odb" description="POI index for Antigua and barbuda centralamerica"/>
  <region date="31.03.2011" size="1.9" name="Argentina_southamerica_1.poi.zip" description="POI index for Argentina southamerica"/>
  <region date="17.12.2010" size="0.1" name="Aruba_centralamerica_1.poi.odb" description="POI index for Aruba centralamerica"/>
  <region date="24.02.2011" size="22.9" name="Australia_oceania_1.poi.zip" description="POI index for Australia oceania"/>
  <region date="25.03.2011" size="13.3" name="Austria_europe_1.poi.zip" description="POI index for Austria europe"/>
  <region date="04.03.2011" size="1.5" name="Austria_Openmaps_eu_europe_1.poi.zip" description="POI index for Austria Openmaps eu europe"/>
  <region date="17.12.2010" size="1" name="Bahamas_centralamerica_1.poi.odb" description="POI index for Bahamas centralamerica"/>
  <region date="17.12.2010" size="0.1" name="Bahrain_asia_1.poi.odb" description="POI index for Bahrain asia"/>
  <region date="17.12.2010" size="0.6" name="Bangladesh_asia_1.poi.odb" description="POI index for Bangladesh asia"/>
  <region date="17.12.2010" size="0.1" name="Barbados_centralamerica_1.poi.odb" description="POI index for Barbados centralamerica"/>
  <region date="25.03.2011" size="4.7" name="Belarus_europe_1.poi.zip" description="POI index for Belarus europe"/>
  <region date="25.03.2011" size="6.2" name="Belgium_europe_1.poi.zip" description="POI index for Belgium europe"/>
  <region date="17.12.2010" size="0.3" name="Belize_centralamerica_1.poi.odb" description="POI index for Belize centralamerica"/>
  <region date="01.04.2011" size="46.5" name="Benelux_europe_1.poi.zip" description="POI index for Benelux europe"/>
  <region date="17.12.2010" size="0" name="Bermuda_centralamerica_1.poi.odb" description="POI index for Bermuda centralamerica"/>
  <region date="17.12.2010" size="0" name="Bhutan_asia_1.poi.odb" description="POI index for Bhutan asia"/>
  <region date="31.03.2011" size="0.3" name="Bolivia_southamerica_1.poi.zip" description="POI index for Bolivia southamerica"/>
  <region date="25.02.2011" size="1.9" name="Bosnia_Openmaps_eu_europe_1.poi.zip" description="POI index for Bosnia Openmaps eu europe"/>
  <region date="25.03.2011" size="0.5" name="Bosnia-herzegovina_europe_1.poi.zip" description="POI index for Bosnia-herzegovina europe"/>
  <region date="31.03.2011" size="5.3" name="Brazil_southamerica_1.poi.zip" description="POI index for Brazil southamerica"/>
  <region date="17.12.2010" size="0" name="British_indian_ocean_territory_asia_1.poi.odb" description="POI index for British indian ocean territory asia"/>
  <region date="17.12.2010" size="0" name="British_virgin_islands_centralamerica_1.poi.odb" description="POI index for British virgin islands centralamerica"/>
  <region date="17.12.2010" size="0.1" name="Brunei_asia_1.poi.odb" description="POI index for Brunei asia"/>
  <region date="25.03.2011" size="1.3" name="Bulgaria_europe_1.poi.zip" description="POI index for Bulgaria europe"/>
  <region date="17.12.2010" size="0.4" name="Cambodia_asia_1.poi.odb" description="POI index for Cambodia asia"/>
  <region date="04.03.2011" size="2.3" name="Canada_alberta_northamerica_1.poi.zip" description="POI index for Canada alberta northamerica"/>
  <region date="04.03.2011" size="11.2" name="Canada_british_columbia_northamerica_1.poi.zip" description="POI index for Canada british columbia northamerica"/>
  <region date="04.03.2011" size="5.9" name="Canada_manitoba_northamerica_1.poi.zip" description="POI index for Canada manitoba northamerica"/>
  <region date="04.03.2011" size="1.4" name="Canada_new_brunswick_northamerica_1.poi.zip" description="POI index for Canada new brunswick northamerica"/>
  <region date="20.12.2010" size="1.3" name="Canada_newfoundland_northamerica_1.poi.zip" description="POI index for Canada newfoundland northamerica"/>
  <region date="04.03.2011" size="1.7" name="Canada_nova_scotia_northamerica_1.poi.zip" description="POI index for Canada nova scotia northamerica"/>
  <region date="04.03.2011" size="0.9" name="Canada_nunavut_northamerica_1.poi.zip" description="POI index for Canada nunavut northamerica"/>
  <region date="20.12.2010" size="1" name="Canada_nw_territories_northamerica_1.poi.odb" description="POI index for Canada nw territories northamerica"/>
  <region date="20.12.2010" size="17.6" name="Canada_ontario_northamerica_1.poi.zip" description="POI index for Canada ontario northamerica"/>
  <region date="20.12.2010" size="0.1" name="Canada_pr_edwrd_island_northamerica_1.poi.odb" description="POI index for Canada pr edwrd island northamerica"/>
  <region date="20.12.2010" size="9.9" name="Canada_quebec_northamerica_1.poi.zip" description="POI index for Canada quebec northamerica"/>
  <region date="20.12.2010" size="0.9" name="Canada_saskatchewan_northamerica_1.poi.zip" description="POI index for Canada saskatchewan northamerica"/>
  <region date="20.12.2010" size="0.3" name="Canada_yukon_northamerica_1.poi.odb" description="POI index for Canada yukon northamerica"/>
  <region date="15.12.2010" size="46.9" name="Canada_1.poi.zip" description="POI index for Canada"/>
  <region date="31.03.2011" size="2.9" name="Chile_southamerica_1.poi.zip" description="POI index for Chile southamerica"/>
  <region date="17.12.2010" size="3.3" name="China_asia_1.poi.zip" description="POI index for China asia"/>
  <region date="31.03.2011" size="4.4" name="Colombia_southamerica_1.poi.zip" description="POI index for Colombia southamerica"/>
  <region date="17.12.2010" size="1.5" name="Costa_rica_centralamerica_1.poi.odb" description="POI index for Costa rica centralamerica"/>
  <region date="25.03.2011" size="1.7" name="Croatia_europe_1.poi.zip" description="POI index for Croatia europe"/>
  <region date="20.02.2011" size="1.2" name="Croatia_Openmaps_eu_europe_1.poi.zip" description="POI index for Croatia Openmaps eu europe"/>
  <region date="17.12.2010" size="0.9" name="Cuba_centralamerica_1.poi.odb" description="POI index for Cuba centralamerica"/>
  <region date="25.03.2011" size="0.4" name="Cyprus_europe_1.poi.zip" description="POI index for Cyprus europe"/>
  <region date="25.03.2011" size="19.3" name="Czech_republic_europe_1.poi.zip" description="POI index for Czech republic europe"/>
  <region date="22.02.2011" size="1.9" name="CzechRepublic_Openmaps_eu_europe_1.poi.zip" description="POI index for CzechRepublic Openmaps eu europe"/>
  <region date="17.12.2010" size="0.1" name="Democratic_republic_of_timor-leste_asia_1.poi.odb" description="POI index for Democratic republic of timor-leste asia"/>
  <region date="25.03.2011" size="3.8" name="Denmark_europe_1.poi.zip" description="POI index for Denmark europe"/>
  <region date="17.12.2010" size="0" name="Dominica_centralamerica_1.poi.odb" description="POI index for Dominica centralamerica"/>
  <region date="17.12.2010" size="0.8" name="Dominican_republic_centralamerica_1.poi.odb" description="POI index for Dominican republic centralamerica"/>
  <region date="31.03.2011" size="1.2" name="Ecuador_southamerica_1.poi.zip" description="POI index for Ecuador southamerica"/>
  <region date="17.12.2010" size="0.9" name="Egypt_africa_1.poi.zip" description="POI index for Egypt africa"/>
  <region date="17.12.2010" size="0.4" name="El_salvador_centralamerica_1.poi.odb" description="POI index for El salvador centralamerica"/>
  <region date="25.03.2011" size="2.2" name="Estonia_europe_1.poi.zip" description="POI index for Estonia europe"/>
  <region date="31.03.2011" size="0.1" name="Falkland_islands_southamerica_1.poi.zip" description="POI index for Falkland islands southamerica"/>
  <region date="25.03.2011" size="0.3" name="Faroe_islands_europe_1.poi.zip" description="POI index for Faroe islands europe"/>
  <region date="17.12.2010" size="0" name="Federation_of_saint_kitts_and_nevis_centralamerica_1.poi.odb" description="POI index for Federation of saint kitts and nevis centralamerica"/>
  <region date="25.03.2011" size="10.9" name="Finland_europe_1.poi.zip" description="POI index for Finland europe"/>
  <region date="04.03.2011" size="1.9" name="France_alsace_europe_1.poi.zip" description="POI index for France alsace europe"/>
  <region date="04.03.2011" size="2.6" name="France_aquitaine_europe_1.poi.zip" description="POI index for France aquitaine europe"/>
  <region date="04.03.2011" size="1.8" name="France_auvergne_europe_1.poi.zip" description="POI index for France auvergne europe"/>
  <region date="04.03.2011" size="1" name="France_basse-normandie_europe_1.poi.zip" description="POI index for France basse-normandie europe"/>
  <region date="04.03.2011" size="1.2" name="France_bourgogne_europe_1.poi.zip" description="POI index for France bourgogne europe"/>
  <region date="04.03.2011" size="3.7" name="France_bretagne_europe_1.poi.zip" description="POI index for France bretagne europe"/>
  <region date="04.03.2011" size="2.2" name="France_centre_europe_1.poi.zip" description="POI index for France centre europe"/>
  <region date="04.03.2011" size="0.9" name="France_champagne-ardenne_europe_1.poi.zip" description="POI index for France champagne-ardenne europe"/>
  <region date="04.03.2011" size="0.5" name="France_corse_europe_1.poi.zip" description="POI index for France corse europe"/>
  <region date="22.12.2010" size="45.9" name="France_europe_1.poi.zip" description="POI index for France europe"/>
  <region date="04.03.2011" size="1.3" name="France_franche-comte_europe_1.poi.zip" description="POI index for France franche-comte europe"/>
  <region date="04.03.2011" size="0.7" name="France_haute-normandie_europe_1.poi.zip" description="POI index for France haute-normandie europe"/>
  <region date="04.03.2011" size="3.9" name="France_ile-de-france_europe_1.poi.zip" description="POI index for France ile-de-france europe"/>
  <region date="04.03.2011" size="3.7" name="France_languedoc-roussillon_europe_1.poi.zip" description="POI index for France languedoc-roussillon europe"/>
  <region date="04.03.2011" size="1" name="France_limousin_europe_1.poi.zip" description="POI index for France limousin europe"/>
  <region date="04.03.2011" size="1.4" name="France_lorraine_europe_1.poi.zip" description="POI index for France lorraine europe"/>
  <region date="04.03.2011" size="3.6" name="France_midi-pyrenees_europe_1.poi.zip" description="POI index for France midi-pyrenees europe"/>
  <region date="04.03.2011" size="1.4" name="France_nord-pas-de-calais_europe_1.poi.zip" description="POI index for France nord-pas-de-calais europe"/>
  <region date="04.03.2011" size="3.6" name="France_pays-de-la-loire_europe_1.poi.zip" description="POI index for France pays-de-la-loire europe"/>
  <region date="04.03.2011" size="1.1" name="France_picardie_europe_1.poi.zip" description="POI index for France picardie europe"/>
  <region date="04.03.2011" size="2.4" name="France_poitou-charentes_europe_1.poi.zip" description="POI index for France poitou-charentes europe"/>
  <region date="04.03.2011" size="5.2" name="France_provence-alpes-cote-d-azur_europe_1.poi.zip" description="POI index for France provence-alpes-cote-d-azur europe"/>
  <region date="04.03.2011" size="4.4" name="France_rhone-alpes_europe_1.poi.zip" description="POI index for France rhone-alpes europe"/>
  <region date="31.03.2011" size="0.1" name="French_guiana_southamerica_1.poi.zip" description="POI index for French guiana southamerica"/>
  <region date="17.12.2010" size="0.7" name="Gaza_strip_asia_1.poi.odb" description="POI index for Gaza strip asia"/>
  <region date="04.03.2011" size="46.8" name="Gb_england_europe_1.poi.zip" description="POI index for Gb england europe"/>
  <region date="04.03.2011" size="5.1" name="Gb_scotland_europe_1.poi.zip" description="POI index for Gb scotland europe"/>
  <region date="04.03.2011" size="2.3" name="Gb_wales_europe_1.poi.zip" description="POI index for Gb wales europe"/>
  <region date="13.03.2011" size="19.4" name="Germany_baden-wuerttemberg_europe_1.poi.zip" description="POI index for Germany baden-wuerttemberg europe"/>
  <region date="25.03.2011" size="26.9" name="Germany_bayern_europe_1.poi.zip" description="POI index for Germany bayern europe"/>
  <region date="25.03.2011" size="3.6" name="Germany_berlin_europe_1.poi.zip" description="POI index for Germany berlin europe"/>
  <region date="25.03.2011" size="8.7" name="Germany_brandenburg_europe_1.poi.zip" description="POI index for Germany brandenburg europe"/>
  <region date="25.03.2011" size="0.9" name="Germany_bremen_europe_1.poi.zip" description="POI index for Germany bremen europe"/>
  <region date="25.03.2011" size="2.3" name="Germany_hamburg_europe_1.poi.zip" description="POI index for Germany hamburg europe"/>
  <region date="25.03.2011" size="9.6" name="Germany_hessen_europe_1.poi.zip" description="POI index for Germany hessen europe"/>
  <region date="25.03.2011" size="4.2" name="Germany_mecklenburg-vorpommern_europe_1.poi.zip" description="POI index for Germany mecklenburg-vorpommern europe"/>
  <region date="25.03.2011" size="15.4" name="Germany_niedersachsen_europe_1.poi.zip" description="POI index for Germany niedersachsen europe"/>
  <region date="25.03.2011" size="26.6" name="Germany_nordrhein-westfalen_europe_1.poi.zip" description="POI index for Germany nordrhein-westfalen europe"/>
  <region date="25.03.2011" size="6.6" name="Germany_rheinland-pfalz_europe_1.poi.zip" description="POI index for Germany rheinland-pfalz europe"/>
  <region date="25.03.2011" size="1.4" name="Germany_saarland_europe_1.poi.zip" description="POI index for Germany saarland europe"/>
  <region date="25.03.2011" size="8.3" name="Germany_sachsen_europe_1.poi.zip" description="POI index for Germany sachsen europe"/>
  <region date="25.03.2011" size="4" name="Germany_sachsen-anhalt_europe_1.poi.zip" description="POI index for Germany sachsen-anhalt europe"/>
  <region date="25.03.2011" size="5.3" name="Germany_schleswig-holstein_europe_1.poi.zip" description="POI index for Germany schleswig-holstein europe"/>
  <region date="25.03.2011" size="5" name="Germany_thueringen_europe_1.poi.zip" description="POI index for Germany thueringen europe"/>
  <region date="26.02.2011" size="54.4" name="Great_britain_europe_1.poi.zip" description="POI index for Great britain europe"/>
  <region date="25.03.2011" size="2" name="Greece_europe_1.poi.zip" description="POI index for Greece europe"/>
  <region date="17.12.2010" size="0.6" name="Greenland_centralamerica_1.poi.zip" description="POI index for Greenland centralamerica"/>
  <region date="17.12.2010" size="0.1" name="Grenada_centralamerica_1.poi.odb" description="POI index for Grenada centralamerica"/>
  <region date="17.12.2010" size="0.6" name="Guatemala_centralamerica_1.poi.odb" description="POI index for Guatemala centralamerica"/>
  <region date="31.03.2011" size="0.2" name="Guyana_southamerica_1.poi.zip" description="POI index for Guyana southamerica"/>
  <region date="17.12.2010" size="1.2" name="Haiti_centralamerica_1.poi.zip" description="POI index for Haiti centralamerica"/>
  <region date="17.12.2010" size="0.6" name="Honduras_centralamerica_1.poi.odb" description="POI index for Honduras centralamerica"/>
  <region date="25.03.2011" size="2.2" name="Hungary_europe_1.poi.zip" description="POI index for Hungary europe"/>
  <region date="05.03.2011" size="6.7" name="Hungary_Openmaps_eu_europe_1.poi.zip" description="POI index for Hungary Openmaps eu europe"/>
  <region date="25.03.2011" size="0.5" name="Iceland_europe_1.poi.zip" description="POI index for Iceland europe"/>
  <region date="17.12.2010" size="3.4" name="India_asia_1.poi.zip" description="POI index for India asia"/>
  <region date="17.12.2010" size="1.2" name="Indonesia_asia_1.poi.zip" description="POI index for Indonesia asia"/>
  <region date="17.12.2010" size="0.7" name="Iran_asia_1.poi.zip" description="POI index for Iran asia"/>
  <region date="17.12.2010" size="0.7" name="Iraq_asia_1.poi.odb" description="POI index for Iraq asia"/>
  <region date="25.03.2011" size="3.8" name="Ireland_europe_1.poi.zip" description="POI index for Ireland europe"/>
  <region date="25.03.2011" size="0.2" name="Isle_of_man_europe_1.poi.zip" description="POI index for Isle of man europe"/>
  <region date="17.12.2010" size="1.8" name="Israel_asia_1.poi.zip" description="POI index for Israel asia"/>
  <region date="25.03.2011" size="25.9" name="Italy_europe_1.poi.zip" description="POI index for Italy europe"/>
  <region date="17.12.2010" size="0.1" name="Jamaica_centralamerica_1.poi.odb" description="POI index for Jamaica centralamerica"/>
  <region date="21.12.2010" size="20.9" name="Japan_asia_1.poi.zip" description="POI index for Japan asia"/>
  <region date="18.12.2010" size="1.1" name="Jordan_asia_1.poi.odb" description="POI index for Jordan asia"/>
  <region date="17.12.2010" size="1.1" name="Kazakhstan_asia_1.poi.zip" description="POI index for Kazakhstan asia"/>
  <region date="25.03.2011" size="0.4" name="Kosovo_europe_1.poi.zip" description="POI index for Kosovo europe"/>
  <region date="17.12.2010" size="0.1" name="Kuwait_asia_1.poi.odb" description="POI index for Kuwait asia"/>
  <region date="17.12.2010" size="0.9" name="Kyrgyzstan_asia_1.poi.odb" description="POI index for Kyrgyzstan asia"/>
  <region date="17.12.2010" size="0.6" name="Laos_asia_1.poi.odb" description="POI index for Laos asia"/>
  <region date="25.03.2011" size="1.4" name="Latvia_europe_1.poi.zip" description="POI index for Latvia europe"/>
  <region date="17.12.2010" size="1.6" name="Lebanon_asia_1.poi.zip" description="POI index for Lebanon asia"/>
  <region date="25.03.2011" size="0" name="Liechtenstein_europe_1.poi.zip" description="POI index for Liechtenstein europe"/>
  <region date="25.03.2011" size="1.5" name="Lithuania_europe_1.poi.zip" description="POI index for Lithuania europe"/>
  <region date="25.03.2011" size="0.8" name="Luxembourg_europe_1.poi.zip" description="POI index for Luxembourg europe"/>
  <region date="25.03.2011" size="0.3" name="Macedonia_europe_1.poi.zip" description="POI index for Macedonia europe"/>
  <region date="17.12.2010" size="1.8" name="Madagascar_africa_1.poi.odb" description="POI index for Madagascar africa"/>
  <region date="17.12.2010" size="0.6" name="Malaysia_asia_1.poi.zip" description="POI index for Malaysia asia"/>
  <region date="25.03.2011" size="0.1" name="Malta_europe_1.poi.zip" description="POI index for Malta europe"/>
  <region date="17.12.2010" size="0.3" name="Martinique_centralamerica_1.poi.odb" description="POI index for Martinique centralamerica"/>
  <region date="17.12.2010" size="5.5" name="Mexico_centralamerica_1.poi.zip" description="POI index for Mexico centralamerica"/>
  <region date="25.03.2011" size="1.1" name="Moldova_europe_1.poi.zip" description="POI index for Moldova europe"/>
  <region date="25.03.2011" size="0" name="Monaco_europe_1.poi.zip" description="POI index for Monaco europe"/>
  <region date="17.12.2010" size="0.4" name="Mongolia_asia_1.poi.odb" description="POI index for Mongolia asia"/>
  <region date="25.03.2011" size="0.1" name="Montenegro_europe_1.poi.zip" description="POI index for Montenegro europe"/>
  <region date="22.02.2011" size="0.2" name="Montenegro_Openmaps_eu_europe_1.poi.zip" description="POI index for Montenegro Openmaps eu europe"/>
  <region date="17.12.2010" size="0.7" name="Morocco_africa_1.poi.odb" description="POI index for Morocco africa"/>
  <region date="17.12.2010" size="0.4" name="Nepal_asia_1.poi.odb" description="POI index for Nepal asia"/>
  <region date="17.12.2010" size="0.2" name="Netherlands_antilles_centralamerica_1.poi.odb" description="POI index for Netherlands antilles centralamerica"/>
  <region date="25.03.2011" size="35.8" name="Netherlands_europe_1.poi.zip" description="POI index for Netherlands europe"/>
  <region date="03.12.2010" size="1.8" name="New_zealand_australia_1.poi.zip" description="POI index for New zealand australia"/>
  <region date="21.12.2010" size="2.2" name="New_zealand_oceania_1.poi.zip" description="POI index for New zealand oceania"/>
  <region date="17.12.2010" size="0.5" name="Nicaragua_centralamerica_1.poi.odb" description="POI index for Nicaragua centralamerica"/>
  <region date="17.12.2010" size="1.5" name="North_korea_asia_1.poi.odb" description="POI index for North korea asia"/>
  <region date="25.03.2011" size="6.9" name="Norway_europe_1.poi.zip" description="POI index for Norway europe"/>
  <region date="17.12.2010" size="0.7" name="Oman_asia_1.poi.odb" description="POI index for Oman asia"/>
  <region date="17.12.2010" size="0.6" name="Pakistan_asia_1.poi.zip" description="POI index for Pakistan asia"/>
  <region date="17.12.2010" size="1.3" name="Panama_centralamerica_1.poi.odb" description="POI index for Panama centralamerica"/>
  <region date="31.03.2011" size="0.1" name="Paraguay_southamerica_1.poi.zip" description="POI index for Paraguay southamerica"/>
  <region date="31.03.2011" size="0.5" name="Peru_southamerica_1.poi.zip" description="POI index for Peru southamerica"/>
  <region date="17.12.2010" size="2.5" name="Philippines_asia_1.poi.zip" description="POI index for Philippines asia"/>
  <region date="25.03.2011" size="18.6" name="Poland_europe_1.poi.zip" description="POI index for Poland europe"/>
  <region date="25.03.2011" size="1.6" name="Portugal_europe_1.poi.zip" description="POI index for Portugal europe"/>
  <region date="17.12.2010" size="0.8" name="Puerto_rico_centralamerica_1.poi.odb" description="POI index for Puerto rico centralamerica"/>
  <region date="17.12.2010" size="0.1" name="Qatar_asia_1.poi.odb" description="POI index for Qatar asia"/>
  <region date="25.03.2011" size="4.8" name="Romania_europe_1.poi.zip" description="POI index for Romania europe"/>
  <region date="05.03.2011" size="4" name="Romania_Openmaps_eu_europe_1.poi.zip" description="POI index for Romania Openmaps eu europe"/>
  <region date="20.12.2010" size="0.8" name="Russia_adygeya_asia_1.poi.zip" description="POI index for Russia adygeya asia"/>
  <region date="20.12.2010" size="0.3" name="Russia_altay_asia_1.poi.odb" description="POI index for Russia altay asia"/>
  <region date="20.12.2010" size="1.4" name="Russia_altayskiy_asia_1.poi.odb" description="POI index for Russia altayskiy asia"/>
  <region date="20.12.2010" size="0.2" name="Russia_amur_asia_1.poi.odb" description="POI index for Russia amur asia"/>
  <region date="20.12.2010" size="1" name="Russia_arkhan_asia_1.poi.odb" description="POI index for Russia arkhan asia"/>
  <region date="20.12.2010" size="0.2" name="Russia_astrakhan_asia_1.poi.odb" description="POI index for Russia astrakhan asia"/>
  <region date="20.12.2010" size="0.6" name="Russia_bashkir_asia_1.poi.zip" description="POI index for Russia bashkir asia"/>
  <region date="20.12.2010" size="1.2" name="Russia_belgorod_asia_1.poi.odb" description="POI index for Russia belgorod asia"/>
  <region date="20.12.2010" size="0.6" name="Russia_bryansk_asia_1.poi.odb" description="POI index for Russia bryansk asia"/>
  <region date="20.12.2010" size="0.3" name="Russia_buryat_asia_1.poi.odb" description="POI index for Russia buryat asia"/>
  <region date="20.12.2010" size="0.7" name="Russia_chechen_asia_1.poi.odb" description="POI index for Russia chechen asia"/>
  <region date="20.12.2010" size="0.9" name="Russia_chel_asia_1.poi.zip" description="POI index for Russia chel asia"/>
  <region date="20.12.2010" size="0.8" name="Russia_chukot_asia_1.poi.odb" description="POI index for Russia chukot asia"/>
  <region date="20.12.2010" size="0.5" name="Russia_chuvash_asia_1.poi.odb" description="POI index for Russia chuvash asia"/>
  <region date="20.12.2010" size="0.6" name="Russia_dagestan_asia_1.poi.odb" description="POI index for Russia dagestan asia"/>
  <region date="20.12.2010" size="0.2" name="Russia_evrey_asia_1.poi.odb" description="POI index for Russia evrey asia"/>
  <region date="20.12.2010" size="0.5" name="Russia_ingush_asia_1.poi.odb" description="POI index for Russia ingush asia"/>
  <region date="20.12.2010" size="0.8" name="Russia_irkutsk_asia_1.poi.odb" description="POI index for Russia irkutsk asia"/>
  <region date="20.12.2010" size="1.7" name="Russia_ivanov_asia_1.poi.odb" description="POI index for Russia ivanov asia"/>
  <region date="20.12.2010" size="0.4" name="Russia_kabardin_asia_1.poi.odb" description="POI index for Russia kabardin asia"/>
  <region date="20.12.2010" size="1.3" name="Russia_kalinin_asia_1.poi.odb" description="POI index for Russia kalinin asia"/>
  <region date="20.12.2010" size="0.2" name="Russia_kalmyk_asia_1.poi.odb" description="POI index for Russia kalmyk asia"/>
  <region date="20.12.2010" size="1.1" name="Russia_kaluzh_asia_1.poi.odb" description="POI index for Russia kaluzh asia"/>
  <region date="20.12.2010" size="0.6" name="Russia_kamch_asia_1.poi.odb" description="POI index for Russia kamch asia"/>
  <region date="20.12.2010" size="1.1" name="Russia_karach_asia_1.poi.odb" description="POI index for Russia karach asia"/>
  <region date="20.12.2010" size="0.8" name="Russia_karel_asia_1.poi.zip" description="POI index for Russia karel asia"/>
  <region date="20.12.2010" size="1.2" name="Russia_kemerovo_asia_1.poi.odb" description="POI index for Russia kemerovo asia"/>
  <region date="20.12.2010" size="0.7" name="Russia_khabar_asia_1.poi.odb" description="POI index for Russia khabar asia"/>
  <region date="20.12.2010" size="0.3" name="Russia_khakas_asia_1.poi.odb" description="POI index for Russia khakas asia"/>
  <region date="20.12.2010" size="1" name="Russia_khanty_asia_1.poi.odb" description="POI index for Russia khanty asia"/>
  <region date="20.12.2010" size="1.3" name="Russia_kirov_asia_1.poi.odb" description="POI index for Russia kirov asia"/>
  <region date="20.12.2010" size="1.2" name="Russia_komi_asia_1.poi.odb" description="POI index for Russia komi asia"/>
  <region date="20.12.2010" size="0.6" name="Russia_kostrom_asia_1.poi.odb" description="POI index for Russia kostrom asia"/>
  <region date="20.12.2010" size="2" name="Russia_krasnodar_asia_1.poi.zip" description="POI index for Russia krasnodar asia"/>
  <region date="20.12.2010" size="0.6" name="Russia_krasnoyarsk_asia_1.poi.zip" description="POI index for Russia krasnoyarsk asia"/>
  <region date="20.12.2010" size="0.3" name="Russia_kurgan_asia_1.poi.odb" description="POI index for Russia kurgan asia"/>
  <region date="20.12.2010" size="1.4" name="Russia_kursk_asia_1.poi.odb" description="POI index for Russia kursk asia"/>
  <region date="20.12.2010" size="2.1" name="Russia_leningrad_asia_1.poi.zip" description="POI index for Russia leningrad asia"/>
  <region date="20.12.2010" size="0.5" name="Russia_lipetsk_asia_1.poi.odb" description="POI index for Russia lipetsk asia"/>
  <region date="20.12.2010" size="0.2" name="Russia_magadan_asia_1.poi.odb" description="POI index for Russia magadan asia"/>
  <region date="20.12.2010" size="1" name="Russia_mariyel_asia_1.poi.odb" description="POI index for Russia mariyel asia"/>
  <region date="20.12.2010" size="0.3" name="Russia_mordov_asia_1.poi.odb" description="POI index for Russia mordov asia"/>
  <region date="20.12.2010" size="2.6" name="Russia_moscow_asia_1.poi.zip" description="POI index for Russia moscow asia"/>
  <region date="20.12.2010" size="4.4" name="Russia_mosobl_asia_1.poi.zip" description="POI index for Russia mosobl asia"/>
  <region date="20.12.2010" size="1.1" name="Russia_murmansk_asia_1.poi.zip" description="POI index for Russia murmansk asia"/>
  <region date="20.12.2010" size="0.6" name="Russia_nenec_asia_1.poi.odb" description="POI index for Russia nenec asia"/>
  <region date="20.12.2010" size="0.7" name="Russia_nizhegorod_asia_1.poi.zip" description="POI index for Russia nizhegorod asia"/>
  <region date="20.12.2010" size="0.7" name="Russia_novgorod_asia_1.poi.zip" description="POI index for Russia novgorod asia"/>
  <region date="20.12.2010" size="0.9" name="Russia_novosib_asia_1.poi.zip" description="POI index for Russia novosib asia"/>
  <region date="20.12.2010" size="1.2" name="Russia_omsk_asia_1.poi.odb" description="POI index for Russia omsk asia"/>
  <region date="20.12.2010" size="0.5" name="Russia_orenburg_asia_1.poi.odb" description="POI index for Russia orenburg asia"/>
  <region date="20.12.2010" size="0.3" name="Russia_orlovsk_asia_1.poi.odb" description="POI index for Russia orlovsk asia"/>
  <region date="20.12.2010" size="0.7" name="Russia_osetiya_asia_1.poi.odb" description="POI index for Russia osetiya asia"/>
  <region date="20.12.2010" size="0.9" name="Russia_penz_asia_1.poi.odb" description="POI index for Russia penz asia"/>
  <region date="20.12.2010" size="0.9" name="Russia_perm_asia_1.poi.zip" description="POI index for Russia perm asia"/>
  <region date="20.12.2010" size="0.6" name="Russia_prim_asia_1.poi.odb" description="POI index for Russia prim asia"/>
  <region date="20.12.2010" size="1.9" name="Russia_pskov_asia_1.poi.odb" description="POI index for Russia pskov asia"/>
  <region date="20.12.2010" size="1.4" name="Russia_rostov_asia_1.poi.odb" description="POI index for Russia rostov asia"/>
  <region date="20.12.2010" size="1.3" name="Russia_ryazan_asia_1.poi.odb" description="POI index for Russia ryazan asia"/>
  <region date="20.12.2010" size="0.4" name="Russia_sakhalin_asia_1.poi.odb" description="POI index for Russia sakhalin asia"/>
  <region date="20.12.2010" size="0.8" name="Russia_samar_asia_1.poi.zip" description="POI index for Russia samar asia"/>
  <region date="20.12.2010" size="0.7" name="Russia_saratov_asia_1.poi.odb" description="POI index for Russia saratov asia"/>
  <region date="20.12.2010" size="0.7" name="Russia_smol_asia_1.poi.odb" description="POI index for Russia smol asia"/>
  <region date="20.12.2010" size="0.7" name="Russia_stavrop_asia_1.poi.odb" description="POI index for Russia stavrop asia"/>
  <region date="20.12.2010" size="1.2" name="Russia_stpeter_asia_1.poi.zip" description="POI index for Russia stpeter asia"/>
  <region date="20.12.2010" size="1.4" name="Russia_sverdl_asia_1.poi.zip" description="POI index for Russia sverdl asia"/>
  <region date="20.12.2010" size="0.4" name="Russia_tambov_asia_1.poi.odb" description="POI index for Russia tambov asia"/>
  <region date="20.12.2010" size="0.7" name="Russia_tatar_asia_1.poi.zip" description="POI index for Russia tatar asia"/>
  <region date="20.12.2010" size="0.6" name="Russia_tomsk_asia_1.poi.odb" description="POI index for Russia tomsk asia"/>
  <region date="20.12.2010" size="1.1" name="Russia_tul_asia_1.poi.odb" description="POI index for Russia tul asia"/>
  <region date="20.12.2010" size="0.8" name="Russia_tumen_asia_1.poi.odb" description="POI index for Russia tumen asia"/>
  <region date="21.12.2010" size="1" name="Russia_tver_asia_1.poi.zip" description="POI index for Russia tver asia"/>
  <region date="21.12.2010" size="0.1" name="Russia_tyva_asia_1.poi.odb" description="POI index for Russia tyva asia"/>
  <region date="21.12.2010" size="1.3" name="Russia_udmurt_asia_1.poi.odb" description="POI index for Russia udmurt asia"/>
  <region date="21.12.2010" size="0.3" name="Russia_ulyan_asia_1.poi.odb" description="POI index for Russia ulyan asia"/>
  <region date="21.12.2010" size="0.6" name="Russia_vladimir_asia_1.poi.zip" description="POI index for Russia vladimir asia"/>
  <region date="21.12.2010" size="0.6" name="Russia_volgograd_asia_1.poi.odb" description="POI index for Russia volgograd asia"/>
  <region date="21.12.2010" size="0.7" name="Russia_vologda_asia_1.poi.zip" description="POI index for Russia vologda asia"/>
  <region date="21.12.2010" size="1.5" name="Russia_voronezh_asia_1.poi.odb" description="POI index for Russia voronezh asia"/>
  <region date="21.12.2010" size="0.5" name="Russia_yakut_asia_1.poi.zip" description="POI index for Russia yakut asia"/>
  <region date="21.12.2010" size="0.6" name="Russia_yamal_asia_1.poi.odb" description="POI index for Russia yamal asia"/>
  <region date="21.12.2010" size="0.8" name="Russia_yarosl_asia_1.poi.zip" description="POI index for Russia yarosl asia"/>
  <region date="21.12.2010" size="0.4" name="Russia_zabaikal_asia_1.poi.odb" description="POI index for Russia zabaikal asia"/>
  <region date="21.12.2010" size="31.9" name="Russian_federation_asia_1.poi.zip" description="POI index for Russian federation asia"/>
  <region date="17.12.2010" size="1.8" name="Saudi_arabia_asia_1.poi.odb" description="POI index for Saudi arabia asia"/>
  <region date="25.03.2011" size="0.9" name="Serbia_europe_1.poi.zip" description="POI index for Serbia europe"/>
  <region date="08.02.2011" size="0.9" name="Serbia_Openmaps_eu_europe_1.poi.zip" description="POI index for Serbia Openmaps eu europe"/>
  <region date="17.12.2010" size="1.2" name="Singapore_asia_1.poi.odb" description="POI index for Singapore asia"/>
  <region date="11.04.2011" size="3.7" name="Slovakia_europe_1.poi.zip" description="POI index for Slovakia europe"/>
  <region date="05.03.2011" size="1" name="Slovakia_Openmaps_eu_europe_1.poi.zip" description="POI index for Slovakia Openmaps eu europe"/>
  <region date="25.03.2011" size="1" name="Slovenia_europe_1.poi.zip" description="POI index for Slovenia europe"/>
  <region date="30.01.2011" size="0.5" name="Slovenia_Openmaps_eu_europe_1.poi.zip" description="POI index for Slovenia Openmaps eu europe"/>
  <region date="17.12.2010" size="2.2" name="South_africa_and_lesotho_africa_1.poi.zip" description="POI index for South africa and lesotho africa"/>
  <region date="17.12.2010" size="6.5" name="South_korea_asia_1.poi.zip" description="POI index for South korea asia"/>
  <region date="25.03.2011" size="15.8" name="Spain_europe_1.poi.zip" description="POI index for Spain europe"/>
  <region date="17.12.2010" size="0.5" name="Sri_lanka_asia_1.poi.odb" description="POI index for Sri lanka asia"/>
  <region date="17.12.2010" size="0" name="St_lucia_centralamerica_1.poi.odb" description="POI index for St lucia centralamerica"/>
  <region date="17.12.2010" size="0" name="St_pierre_and_miquelon_centralamerica_1.poi.odb" description="POI index for St pierre and miquelon centralamerica"/>
  <region date="17.12.2010" size="0" name="St_vincent_and_the_grenadines_centralamerica_1.poi.odb" description="POI index for St vincent and the grenadines centralamerica"/>
  <region date="31.03.2011" size="0.1" name="Suriname_southamerica_1.poi.zip" description="POI index for Suriname southamerica"/>
  <region date="25.03.2011" size="10.5" name="Sweden_europe_1.poi.zip" description="POI index for Sweden europe"/>
  <region date="25.03.2011" size="11.5" name="Switzerland_europe_1.poi.zip" description="POI index for Switzerland europe"/>
  <region date="17.12.2010" size="1.5" name="Syria_asia_1.poi.zip" description="POI index for Syria asia"/>
  <region date="17.12.2010" size="0.8" name="Taiwan_asia_1.poi.odb" description="POI index for Taiwan asia"/>
  <region date="17.12.2010" size="0.5" name="Tajikistan_asia_1.poi.odb" description="POI index for Tajikistan asia"/>
  <region date="17.12.2010" size="1.1" name="Thailand_asia_1.poi.zip" description="POI index for Thailand asia"/>
  <region date="17.12.2010" size="0.1" name="Trinidad_and_tobago_centralamerica_1.poi.odb" description="POI index for Trinidad and tobago centralamerica"/>
  <region date="25.03.2011" size="1.7" name="Turkey_europe_1.poi.zip" description="POI index for Turkey europe"/>
  <region date="17.12.2010" size="0.2" name="Turkmenistan_asia_1.poi.odb" description="POI index for Turkmenistan asia"/>
  <region date="25.03.2011" size="4.5" name="Ukraine_europe_1.poi.zip" description="POI index for Ukraine europe"/>
  <region date="27.02.2011" size="0.2" name="Ukraine_Openmaps_eu_europe_1.poi.zip" description="POI index for Ukraine Openmaps eu europe"/>
  <region date="17.12.2010" size="1.2" name="Union_of_myanmar_asia_1.poi.odb" description="POI index for Union of myanmar asia"/>
  <region date="17.12.2010" size="0.6" name="United_arab_emirates_asia_1.poi.odb" description="POI index for United arab emirates asia"/>
  <region date="31.03.2011" size="0.1" name="Uruguay_southamerica_1.poi.zip" description="POI index for Uruguay southamerica"/>
  <region date="19.12.2010" size="2.9" name="Us_alabama_northamerica_1.poi.zip" description="POI index for Us alabama northamerica"/>
  <region date="19.12.2010" size="0.9" name="Us_alaska_northamerica_1.poi.zip" description="POI index for Us alaska northamerica"/>
  <region date="19.12.2010" size="4" name="Us_arizona_northamerica_1.poi.zip" description="POI index for Us arizona northamerica"/>
  <region date="19.12.2010" size="1.9" name="Us_arkansas_northamerica_1.poi.zip" description="POI index for Us arkansas northamerica"/>
  <region date="20.12.2010" size="32.5" name="Us_california_northamerica_1.poi.zip" description="POI index for Us california northamerica"/>
  <region date="19.12.2010" size="17.3" name="Us_colorado_northamerica_1.poi.zip" description="POI index for Us colorado northamerica"/>
  <region date="19.12.2010" size="1.4" name="Us_connecticut_northamerica_1.poi.zip" description="POI index for Us connecticut northamerica"/>
  <region date="19.12.2010" size="0.6" name="Us_delaware_northamerica_1.poi.zip" description="POI index for Us delaware northamerica"/>
  <region date="19.12.2010" size="1.2" name="Us_district_of_columbia_northamerica_1.poi.zip" description="POI index for Us district of columbia northamerica"/>
  <region date="19.12.2010" size="4.2" name="Us_florida_northamerica_1.poi.zip" description="POI index for Us florida northamerica"/>
  <region date="19.12.2010" size="16.7" name="Us_georgia_northamerica_1.poi.zip" description="POI index for Us georgia northamerica"/>
  <region date="19.12.2010" size="0.3" name="Us_hawaii_northamerica_1.poi.odb" description="POI index for Us hawaii northamerica"/>
  <region date="19.12.2010" size="1.3" name="Us_idaho_northamerica_1.poi.zip" description="POI index for Us idaho northamerica"/>
  <region date="19.12.2010" size="7.3" name="Us_illinois_northamerica_1.poi.zip" description="POI index for Us illinois northamerica"/>
  <region date="19.12.2010" size="2.3" name="Us_indiana_northamerica_1.poi.zip" description="POI index for Us indiana northamerica"/>
  <region date="19.12.2010" size="6.9" name="Us_iowa_northamerica_1.poi.zip" description="POI index for Us iowa northamerica"/>
  <region date="19.12.2010" size="2.4" name="Us_kansas_northamerica_1.poi.zip" description="POI index for Us kansas northamerica"/>
  <region date="19.12.2010" size="2.9" name="Us_kentucky_northamerica_1.poi.zip" description="POI index for Us kentucky northamerica"/>
  <region date="19.12.2010" size="5.8" name="Us_louisiana_northamerica_1.poi.zip" description="POI index for Us louisiana northamerica"/>
  <region date="19.12.2010" size="0.9" name="Us_maine_northamerica_1.poi.zip" description="POI index for Us maine northamerica"/>
  <region date="19.12.2010" size="5.4" name="Us_maryland_northamerica_1.poi.zip" description="POI index for Us maryland northamerica"/>
  <region date="19.12.2010" size="6.5" name="Us_massachusetts_northamerica_1.poi.zip" description="POI index for Us massachusetts northamerica"/>
  <region date="19.12.2010" size="3.4" name="Us_michigan_northamerica_1.poi.zip" description="POI index for Us michigan northamerica"/>
  <region date="19.12.2010" size="16.2" name="Us_minnesota_northamerica_1.poi.zip" description="POI index for Us minnesota northamerica"/>
  <region date="19.12.2010" size="1.8" name="Us_mississippi_northamerica_1.poi.zip" description="POI index for Us mississippi northamerica"/>
  <region date="19.12.2010" size="3.7" name="Us_missouri_northamerica_1.poi.zip" description="POI index for Us missouri northamerica"/>
  <region date="19.12.2010" size="3.1" name="Us_montana_northamerica_1.poi.zip" description="POI index for Us montana northamerica"/>
  <region date="19.12.2010" size="1.3" name="Us_nebraska_northamerica_1.poi.zip" description="POI index for Us nebraska northamerica"/>
  <region date="19.12.2010" size="13.9" name="Us_nevada_northamerica_1.poi.zip" description="POI index for Us nevada northamerica"/>
  <region date="19.12.2010" size="1.7" name="Us_new_hampshire_northamerica_1.poi.zip" description="POI index for Us new hampshire northamerica"/>
  <region date="19.12.2010" size="3.9" name="Us_new_jersey_northamerica_1.poi.zip" description="POI index for Us new jersey northamerica"/>
  <region date="19.12.2010" size="2.8" name="Us_new_mexico_northamerica_1.poi.zip" description="POI index for Us new mexico northamerica"/>
  <region date="19.12.2010" size="5.3" name="Us_new_york_northamerica_1.poi.zip" description="POI index for Us new york northamerica"/>
  <region date="20.12.2010" size="32.5" name="Us_north_carolina_northamerica_1.poi.zip" description="POI index for Us north carolina northamerica"/>
  <region date="19.12.2010" size="2.3" name="Us_north_dakota_northamerica_1.poi.zip" description="POI index for Us north dakota northamerica"/>
  <region date="19.12.2010" size="4.2" name="Us_ohio_northamerica_1.poi.zip" description="POI index for Us ohio northamerica"/>
  <region date="19.12.2010" size="3.6" name="Us_oklahoma_northamerica_1.poi.zip" description="POI index for Us oklahoma northamerica"/>
  <region date="19.12.2010" size="5.8" name="Us_oregon_northamerica_1.poi.zip" description="POI index for Us oregon northamerica"/>
  <region date="19.12.2010" size="3.9" name="Us_pennsylvania_northamerica_1.poi.zip" description="POI index for Us pennsylvania northamerica"/>
  <region date="19.12.2010" size="1.2" name="Us_rhode_island_northamerica_1.poi.odb" description="POI index for Us rhode island northamerica"/>
  <region date="19.12.2010" size="16" name="Us_south_carolina_northamerica_1.poi.zip" description="POI index for Us south carolina northamerica"/>
  <region date="19.12.2010" size="1.4" name="Us_south_dakota_northamerica_1.poi.zip" description="POI index for Us south dakota northamerica"/>
  <region date="19.12.2010" size="6.6" name="Us_tennessee_northamerica_1.poi.zip" description="POI index for Us tennessee northamerica"/>
  <region date="20.12.2010" size="8.9" name="Us_texas_northamerica_1.poi.zip" description="POI index for Us texas northamerica"/>
  <region date="19.12.2010" size="2.3" name="Us_utah_northamerica_1.poi.zip" description="POI index for Us utah northamerica"/>
  <region date="19.12.2010" size="1.1" name="Us_vermont_northamerica_1.poi.zip" description="POI index for Us vermont northamerica"/>
  <region date="20.12.2010" size="15.9" name="Us_virginia_northamerica_1.poi.zip" description="POI index for Us virginia northamerica"/>
  <region date="19.12.2010" size="5.3" name="Us_washington_northamerica_1.poi.zip" description="POI index for Us washington northamerica"/>
  <region date="19.12.2010" size="3.6" name="Us_west_virginia_northamerica_1.poi.zip" description="POI index for Us west virginia northamerica"/>
  <region date="19.12.2010" size="7.1" name="Us_wisconsin_northamerica_1.poi.zip" description="POI index for Us wisconsin northamerica"/>
  <region date="20.12.2010" size="0.6" name="Us_wyoming_northamerica_1.poi.zip" description="POI index for Us wyoming northamerica"/>
  <region date="15.12.2010" size="45.9" name="Us-midwest_1.poi.zip" description="POI index for Us-midwest"/>
  <region date="15.12.2010" size="19.9" name="Us-northeast_1.poi.zip" description="POI index for Us-northeast"/>
  <region date="15.12.2010" size="1.6" name="Us-pacific_1.poi.zip" description="POI index for Us-pacific"/>
  <region date="14.12.2010" size="89.9" name="Us-south_1.poi.zip" description="POI index for Us-south"/>
  <region date="23.12.2010" size="76.9" name="Us-west_1.poi.zip" description="POI index for Us-west"/>
  <region date="17.12.2010" size="0.6" name="Uzbekistan_asia_1.poi.odb" description="POI index for Uzbekistan asia"/>
  <region date="31.03.2011" size="0.5" name="Venezuela_southamerica_1.poi.zip" description="POI index for Venezuela southamerica"/>
  <region date="17.12.2010" size="0.6" name="Vietnam_asia_1.poi.zip" description="POI index for Vietnam asia"/>
  <region date="17.12.2010" size="0.2" name="Virgin_islands_centralamerica_1.poi.odb" description="POI index for Virgin islands centralamerica"/>
  <region date="05.03.2011" size="0.1" name="Yemen_asia_1.poi.zip" description="POI index for Yemen asia"/>
  <region date="25.03.2011" size="240.9" name="Netherlands_europe_1.obf.zip" description="Map, Transport, Address data for netherlands europe"/>
</osmand_regions>
