<?xml version="1.0"?>
<tile_sources>

   <tile_source name="Cloudmade" url_template="http://tile.cloudmade.com/7ded028e030c5929b28bf823486ce84f/1/256/{0}/{1}/{2}.png" ext=".png" min_zoom="1" max_zoom="18" tile_size="256" img_density="16" avg_img_size="18000"/> 
   <tile_source name="GoogleMaps" url_template="http://mt3.google.com/vt/v=w2.97&amp;x={1}&amp;y={2}&amp;z={0}" ext=".png" min_zoom="1" max_zoom="19" tile_size="256" img_density="16" avg_img_size="18000"/>
   <!--
   <tile_source name="GoogleMaps Satellite" url_template="http://khm1.google.com/kh/v=89&amp;x={1}&amp;y={2}&amp;z={0}" ext=".jpg" min_zoom="7" max_zoom="20" tile_size="256" img_density="32" avg_img_size="18000"/> -->
   <tile_source name="GoogleMaps Terrain" url_template="http://mt3.google.com/vt/v=w2p.111&amp;hl=en&amp;x={1}&amp;y={2}&amp;z={0}" ext=".jpg" min_zoom="5" max_zoom="15" tile_size="256" img_density="32" avg_img_size="18000"/>

   <tile_source rule="beanshell" name="Microsoft Maps" min_zoom="1" max_zoom="19" tile_size="256" img_density="16" avg_img_size="18000" ext=".png"
   url_template="public static String eqt(int z, int x, int y) {static final char[] NUM_CHAR = { &apos;0&apos;, &apos;1&apos;, &apos;2&apos;, &apos;3&apos; };char[] tn = new char[z];for (int i = z - 1; i &gt;= 0; i--) {int num = (x % 2) | ((y % 2) &lt;&lt; 1);tn[i] = NUM_CHAR[num];x &gt;&gt;= 1;y &gt;&gt;= 1;}return new String(tn);} String getTileUrl(int z, int x, int y) { return &quot;http://&quot; + &quot;r&quot; + &quot;0&quot; + &quot;.ortho.tiles.virtualearth.net/tiles/&quot; + &quot;r&quot; + eqt(z,x,y) + &quot;.png&quot; + &quot;?g=45&quot;;}"/>
   <tile_source rule="beanshell" name="Microsoft Hybrid" min_zoom="1" max_zoom="19" tile_size="256" img_density="32" avg_img_size="18000" ext=".jpg"
   url_template="public static String eqt(int z, int x, int y) {static final char[] NUM_CHAR = { &apos;0&apos;, &apos;1&apos;, &apos;2&apos;, &apos;3&apos; };char[] tn = new char[z];for (int i = z - 1; i &gt;= 0; i--) {int num = (x % 2) | ((y % 2) &lt;&lt; 1);tn[i] = NUM_CHAR[num];x &gt;&gt;= 1;y &gt;&gt;= 1;}return new String(tn);} String getTileUrl(int z, int x, int y) { return &quot;http://&quot; + &quot;h&quot; + &quot;0&quot; + &quot;.ortho.tiles.virtualearth.net/tiles/&quot; + &quot;h&quot; + eqt(z,x,y) + &quot;.jpg&quot; + &quot;?g=45&quot;;}"/>
   <tile_source rule="beanshell" name="Microsoft Earth" min_zoom="1" max_zoom="19" tile_size="256" img_density="32" avg_img_size="18000" ext=".jpg"
   url_template="public static String eqt(int z, int x, int y) {static final char[] NUM_CHAR = { &apos;0&apos;, &apos;1&apos;, &apos;2&apos;, &apos;3&apos; };char[] tn = new char[z];for (int i = z - 1; i &gt;= 0; i--) {int num = (x % 2) | ((y % 2) &lt;&lt; 1);tn[i] = NUM_CHAR[num];x &gt;&gt;= 1;y &gt;&gt;= 1;}return new String(tn);} String getTileUrl(int z, int x, int y) { return &quot;http://&quot; + &quot;a&quot; + &quot;0&quot; + &quot;.ortho.tiles.virtualearth.net/tiles/&quot; + &quot;a&quot; + eqt(z,x,y) + &quot;.jpg&quot; + &quot;?g=45&quot;;}"/>
   
   <tile_source name="ÖPNV Transit" url_template="http://tile.xn--pnvkarte-m4a.de/tilegen/{0}/{1}/{2}.png" ext=".png" min_zoom="1" max_zoom="18" tile_size="256" img_density="16" avg_img_size="18000"/> 
   <tile_source name="Public Transport" url_template="http://openptmap.org/tiles/{0}/{1}/{2}.png" ext=".png" min_zoom="1" max_zoom="17" tile_size="256" img_density="16" avg_img_size="5000"/> 

   <tile_source name="Hike Bike Map" url_template="http://toolserver.org/tiles/hikebike/{0}/{1}/{2}.png" ext=".png" min_zoom="1" max_zoom="17" tile_size="256" img_density="8" avg_img_size="18000"/>
   <tile_source name="Hike Bike Map (Hills Underlay)" url_template="http://toolserver.org/~cmarqu/hill/{0}/{1}/{2}.png" ext=".png" min_zoom="1" max_zoom="17" tile_size="256" img_density="16" avg_img_size="18000"/>


   <tile_source name="OpenPisteMap" url_template="http://openpistemap.org/tiles/contours/{0}/{1}/{2}.png" ext=".png" min_zoom="5" max_zoom="17" tile_size="256" img_density="32" avg_img_size="18000"/>
   <tile_source name="Relief" url_template="http://www.maps-for-free.com/layer/relief/z{0}/row{2}/{0}_{1}-{2}.jpg" ext=".jpg" min_zoom="1" max_zoom="12" tile_size="256" img_density="32" avg_img_size="24000"/>

   <tile_source name="Fire Hydrants" url_template="http://openfiremap.org/hytiles/{0}/{1}/{2}.png" ext=".png" min_zoom="1" max_zoom="17" tile_size="256" img_density="16" avg_img_size="2000"/> 

<!--
   <tile_source name="Cykloatlas CZ" url_template="http://services.tmapserver.cz/tiles/gm/shc/{0}/{1}/{2}.png" ext=".png" min_zoom="7" max_zoom="16" tile_size="256" img_density="16" avg_img_size="26000"/>
   <tile_source name="Cykloatlas CZ HillShade" url_template="http://services.tmapserver.cz/tiles/gm/sum/{0}/{1}/{2}.png" ext=".png" min_zoom="7" max_zoom="15" tile_size="256" img_density="16" avg_img_size="26000"/>
-->
   <tile_source name="Prague cycle map" url_template="http://tiles.prahounakole.cz/media/tiles_OPNKM/{0}/{1}/{2}.png" ext=".png" min_zoom="11" max_zoom="18" tile_size="256" img_density="16" avg_img_size="26000"/>

   <tile_source name="MTB Map CZ" url_template="http://tchor.fi.muni.cz:8080/mtbmap_tiles/{0}/{1}/{2}.png" ext=".png" min_zoom="7" max_zoom="16" tile_size="256" img_density="32" avg_img_size="18000"/>

   <tile_source name="Yandex RU" url_template="http://vec01.maps.yandex.net/tiles?l=map&amp;x={1}&amp;y={2}&amp;z={0}" ext=".jpg" min_zoom="1" max_zoom="18" tile_size="256" img_density="16" avg_img_size="18000" ellipsoid="true"/>
   <tile_source name="Top Yandex RU" url_template="http://vec01.maps.yandex.net/tiles?l=skl&amp;x={1}&amp;y={2}&amp;z={0}" ext=".jpg" min_zoom="1" max_zoom="18" tile_size="256" img_density="16" avg_img_size="18000" ellipsoid="true"/>
   <tile_source name="Yandex NK" url_template="http://wvec.maps.yandex.net/?l=wmap&amp;x={1}&amp;y={2}&amp;z={0}" ext=".jpg" min_zoom="1" max_zoom="18" tile_size="256" img_density="16" avg_img_size="18000" ellipsoid="true"/>
   <tile_source name="Top Yandex NK" url_template="http://wvec.maps.yandex.net/?l=wskl&amp;x={1}&amp;y={2}&amp;z={0}" ext=".jpg" min_zoom="1" max_zoom="18" tile_size="256" img_density="16" avg_img_size="18000" ellipsoid="true"/>
   <tile_source name="Yandex Satellite RU" url_template="http://sat01.maps.yandex.net/tiles?l=sat&amp;x={1}&amp;y={2}&amp;z={0}" ext=".jpg" min_zoom="1" max_zoom="16" tile_size="256" img_density="32" avg_img_size="18000" ellipsoid="true"/>
   <tile_source rule="yandex_traffic" name="Yandex Traffic RU"/>
   
   <tile_source rule="beanshell" name="Wikimapia" min_zoom="1" max_zoom="18" tile_size="256" img_density="16" avg_img_size="18000" ext="png"
   url_template='String getTileUrl(int z, int x, int y) {  return "http://"+"i"+(x%4 + (y%4)*4)+".wikimapia.org/?x="+x+"&amp;y="+y+"&amp;zoom="+z;}'/>
   
   <tile_source rule="beanshell" name="Top Wikimapia" min_zoom="1" max_zoom="18" tile_size="256" img_density="16" avg_img_size="18000" ext="png"
   url_template='String getTileUrl(int z, int x, int y) {  return "http://"+"i"+(x%4 + (y%4)*4)+".wikimapia.org/?x="+x+"&amp;y="+y+"&amp;zoom="+z+"&amp;type=hybrid";}'/>
   

   <tile_source name="OpenFietskaart (NL)" url_template="http://overlay.openstreetmap.nl/openfietskaart-overlay/{0}/{1}/{2}.png" ext=".png" min_zoom="7" max_zoom="18" tile_size="256" img_density="16" avg_img_size="18000"/> 
   <tile_source name="OpenFietskaartBaseLayer (NL)" url_template="http://overlay.openstreetmap.nl/basemap/{0}/{1}/{2}.png" ext=".png" min_zoom="1" max_zoom="18" tile_size="256" img_density="16" avg_img_size="18000"/> 
   <tile_source name="OpenFietskaartRoads (NL)" url_template="http://overlay.openstreetmap.nl/roads/{0}/{1}/{2}.png" ext=".png" min_zoom="7" max_zoom="18" tile_size="256" img_density="16" avg_img_size="18000"/> 

   <tile_source name="Wanderreitkarte Topo (DE, NL)" url_template="http://www.wanderreitkarte.de/topo/{0}/{1}/{2}.png" ext=".png" min_zoom="1" max_zoom="18" tile_size="256" img_density="16" avg_img_size="18000"/> 
   <tile_source name="Wanderreitkarte HillShade (DE, NL)" url_template="http://www.wanderreitkarte.de/hills/{0}/{1}/{2}.png" ext=".png" min_zoom="8" max_zoom="18" tile_size="256" img_density="16" avg_img_size="18000"/> 
   <tile_source name="Wanderreitkarte BaseLayer (DE, NL)" url_template="http://www.wanderreitkarte.de/base/{0}/{1}/{2}.png" ext=".png" min_zoom="1" max_zoom="18" tile_size="256" img_density="16" avg_img_size="18000"/> 

   <tile_source name="OpenWandelkaart (BE,NL)" url_template="http://tile.openstreetmap.nl/openwandelkaart-overlay/{0}/{1}/{2}.png" ext=".png" min_zoom="7" max_zoom="18" tile_size="256" img_density="16" avg_img_size="18000"/> 
   <tile_source name="OpenWandelkaartPlaatsen (BE,NL)" url_template="http://overlay.openstreet.nl/places/{0}/{1}/{2}.png" ext=".png" min_zoom="7" max_zoom="18" tile_size="256" img_density="16" avg_img_size="18000"/> 
   <tile_source name="OpenWandelkaartBaseLayer (BE,NL)" url_template="http://overlay.openstreet.nl/basemap/{0}/{1}/{2}.png" ext=".png" min_zoom="1" max_zoom="18" tile_size="256" img_density="16" avg_img_size="18000"/> 
   <tile_source name="OpenWandelkaartRoads (BE,NL)" url_template="http://overlay.openstreet.nl/roads/{0}/{1}/{2}.png" ext=".png" min_zoom="7" max_zoom="18" tile_size="256" img_density="16" avg_img_size="18000"/>

   <tile_source name="Statkart Topo (NO)" url_template="http://opencache.statkart.no/gatekeeper/gk/gk.open_gmaps?layers=topo2&amp;zoom={0}&amp;x={1}&amp;y={2}" ext=".png" min_zoom="5" max_zoom="17" tile_size="256" img_density="32" avg_img_size="18000"/>
   <tile_source name="Statkart Nautical (NO)" url_template="http://opencache.statkart.no/gatekeeper/gk/gk.open_gmaps?layers=sjo_hovedkart2&amp;zoom={0}&amp;x={1}&amp;y={2}" ext=".png" min_zoom="3" max_zoom="14" tile_size="256" img_density="32" avg_img_size="18000"/>
   
   <tile_source name="Eniro Map (NO,SE,FI,DK,PL))" rule="beanshell" ext=".png" min_zoom="2" max_zoom="20" tile_size="256" img_density="16" avg_img_size="18000"
   		url_template='String getTileUrl(int z, int x, int y) {return "http://map.eniro.com/geowebcache/service/tms1.0.0/map/"+z+"/"+x+"/"+((1 &lt;&lt; z) - 1 - y) + ".png";}'/>
   <tile_source name="Eniro Aerial (NO,SE,DK)" rule="beanshell" ext=".png" min_zoom="2" max_zoom="19" tile_size="256" img_density="16" avg_img_size="18000"
   		url_template='String getTileUrl(int z, int x, int y) {return "http://map.eniro.com/geowebcache/service/tms1.0.0/aerial/"+z+"/"+x+"/"+((1 &lt;&lt; z) - 1 - y) + ".png";}'/>
   <tile_source name="Eniro Nautical (NO,SE)" rule="beanshell" ext=".png" min_zoom="5" max_zoom="16" tile_size="256" img_density="32" avg_img_size="18000"
   		url_template='String getTileUrl(int z, int x, int y) {return "http://map.eniro.com/geowebcache/service/tms1.0.0/nautical/"+z+"/"+x+"/"+((1 &lt;&lt; z) - 1 - y) + ".png";}'/>	
   
   <tile_source name="Freemap.sk-atlas" url_template="http://t1.freemap.sk/A/{0}/{1}/{2}.png" ext=".png" min_zoom="1" max_zoom="16" tile_size="256" img_density="16" avg_img_size="18000" />
   <tile_source name="Freemap.sk-hiking" url_template="http://t1.freemap.sk/T/{0}/{1}/{2}.png" ext=".png" min_zoom="1" max_zoom="16" tile_size="256" img_density="16" avg_img_size="18000" />
   <tile_source name="Freemap.sk-cycle" url_template="http://t1.freemap.sk/C/{0}/{1}/{2}.png" ext=".png" min_zoom="1" max_zoom="16" tile_size="256" img_density="16" avg_img_size="18000" />
   <tile_source name="Bilingual Southeast Asia" url_template="http://tile.osm-tools.org/osm_then/{0}/{1}/{2}.png" ext=".png" min_zoom="1" max_zoom="19" tile_size="256" img_density="16" avg_img_size="18000"/>
   <tile_source name="OSM Poland (contour lines)" url_template="http://osm.trail.pl/osmapa.pl/{0}/{1}/{2}.png" ext=".png" min_zoom="1" max_zoom="18" tile_size="256" img_density="16" avg_img_size="18000"/> 
<tile_source name="OSM Poland" url_template="http://osm.trail.pl/bezpoziomic/{0}/{1}/{2}.png" ext=".png" min_zoom="1" max_zoom="18" tile_size="256" img_density="16" avg_img_size="18000"/> 
<!--
   <tile_source rule="wms_tile" url_template="http://wms.latlon.org" name="Genshtab (BLR)" layer="gshtab" ext=".jpg" min_zoom="5" max_zoom="17" tile_size="256" img_density="32" avg_img_size="18000"/>  NOT WORK ?-->

  <tile_source name="Geofabrik.routing_eu" url_template="http://tools.geofabrik.de/osmi/tiles/routing/{0}/{1}/{2}.png" ext=".png" min_zoom="1" max_zoom="16" tile_size="256" img_density="16" avg_img_size="18000" />
  <tile_source name="Geofabrik.routing_non_eu" url_template="http://tools.geofabrik.de/osmi/tiles/routing_non_eu/{0}/{1}/{2}.png" ext=".png" min_zoom="1" max_zoom="16" tile_size="256" img_density="16" avg_img_size="18000" />
  <tile_source name="Geofabrik.addresses_eu" url_template="http://tools.geofabrik.de/osmi/tiles/addresses/{0}/{1}/{2}.png" ext=".png" min_zoom="1" max_zoom="16" tile_size="256" img_density="16" avg_img_size="18000" />
  <tile_source name="Geofabrik.highways_eu" url_template="http://tools.geofabrik.de/osmi/tiles/highways/{0}/{1}/{2}.png" ext=".png" min_zoom="1" max_zoom="16" tile_size="256" img_density="16" avg_img_size="18000" />


<!--
	// WMS layers : http://whoots.mapwarper.net/tms/{$z}/{$x}/{$y}/ {layer}/{Path}
	// 1. Landsat http://onearth.jpl.nasa.gov/wms.cgi global_mosaic (NOT WORK)
	// 2. Genshtab http://wms.latlon.org gshtab -->
</tile_sources>
